Date,Close
2005-02-25,3.54255
2005-02-28,3.61586
2005-03-01,3.59199
2005-03-02,3.50733
2005-03-03,3.51062
2005-03-04,3.51062
2005-03-07,3.50435
2005-03-08,3.33326
2005-03-09,3.29655
2005-03-10,3.25656
2005-03-11,3.28849
2005-03-14,3.27118
2005-03-15,3.31575
2005-03-16,3.31575
2005-03-17,3.36986
2005-03-18,3.46118
2005-03-21,3.40995
2005-03-22,3.32072
2005-03-23,3.23269
2005-03-24,3.27437
2005-03-28,3.20394
2005-03-29,3.01265
2005-03-30,3.12436
2005-03-31,3.30789
2005-04-01,3.31247
2005-04-04,3.25656
2005-04-05,3.2487
2005-04-06,3.28849
2005-04-07,3.26939
2005-04-08,3.22155
2005-04-11,3.11153
2005-04-12,3.20086
2005-04-13,3.1544
2005-04-14,3.04279
2005-04-15,3.00121
2005-04-18,3.08746
2005-04-19,3.10476
2005-04-20,2.99166
2005-04-21,3.08258
2005-04-22,3.0795
2005-04-25,3.10974
2005-04-26,3.05572
2005-04-27,3.01554
2005-04-28,2.92452
2005-04-29,2.88622
2005-05-02,3.0029
2005-05-03,2.95337
2005-05-04,3.05901
2005-05-05,3.08746
2005-05-06,3.10476
2005-05-09,3.16077
2005-05-10,3.13689
2005-05-11,3.12257
2005-05-12,3.06348
2005-05-13,3.04777
2005-05-16,3.12257
2005-05-17,3.07472
2005-05-18,3.22612
2005-05-19,3.17688
2005-05-20,3.17997
2005-05-23,3.12436
2005-05-24,3.09213
2005-05-25,3.0795
2005-05-26,3.11302
2005-05-27,3.12436
2005-05-31,3.10168
2005-06-01,3.16077
2005-06-02,3.16077
2005-06-03,3.27118
2005-06-06,3.35713
2005-06-07,3.44845
2005-06-08,3.4579
2005-06-09,3.49142
2005-06-10,3.46894
2005-06-13,3.53429
2005-06-14,3.51828
2005-06-15,3.5137
2005-06-16,3.5137
2005-06-17,3.52812
2005-06-20,3.52017
2005-06-21,3.54722
2005-06-22,3.54901
2005-06-23,3.49142
2005-06-24,3.48804
2005-06-27,3.53767
2005-06-28,3.5329
2005-06-29,3.49609
2005-06-30,3.48804
2005-07-01,3.51201
2005-07-05,3.62382
2005-07-06,3.63675
2005-07-07,3.67793
2005-07-08,3.87787
2005-07-11,3.9287
2005-07-12,3.89528
2005-07-13,3.86335
2005-07-14,3.71474
2005-07-15,3.74368
2005-07-18,3.73702
2005-07-19,3.83152
2005-07-20,3.82654
2005-07-21,3.82495
2005-07-22,3.88414
2005-07-25,4.04369
2005-07-26,4.02281
2005-07-27,4.04519
2005-07-28,4.07712
2005-07-29,4.21588
2005-08-01,4.05503
2005-08-02,4.01833
2005-08-03,4.01664
2005-08-04,3.88086
2005-08-05,3.79143
2005-08-08,3.79292
2005-08-09,3.93507
2005-08-10,4.01664
2005-08-11,4.09472
2005-08-12,4.03415
2005-08-15,4.04678
2005-08-16,3.94323
2005-08-17,3.9112
2005-08-18,3.86166
2005-08-19,3.87787
2005-08-22,3.88086
2005-08-23,3.71016
2005-08-24,3.65903
2005-08-25,3.69554
2005-08-26,3.63516
2005-08-29,3.65575
2005-08-30,3.69743
2005-08-31,3.73254
2005-09-01,3.74995
2005-09-02,3.7788
2005-09-06,3.83152
2005-09-07,3.72747
2005-09-08,3.80754
2005-09-09,3.82833
2005-09-12,3.83311
2005-09-13,3.86007
2005-09-14,3.88414
2005-09-15,3.98152
2005-09-16,4.07095
2005-09-19,4.06777
2005-09-20,4.19848
2005-09-21,4.30073
2005-09-22,4.11094
2005-09-23,4.15879
2005-09-26,4.09154
2005-09-27,4.31675
2005-09-28,4.2319
2005-09-29,4.31188
2005-09-30,4.50983
2005-10-03,4.43472
2005-10-04,4.3263
2005-10-05,3.96541
2005-10-06,3.76905
2005-10-07,3.93049
2005-10-10,3.9112
2005-10-11,3.91776
2005-10-12,3.75482
2005-10-13,3.73563
2005-10-14,3.66052
2005-10-17,3.73563
2005-10-18,3.62859
2005-10-19,3.78675
2005-10-20,3.71334
2005-10-21,3.73563
2005-10-24,3.62223
2005-10-25,3.63187
2005-10-26,3.59845
2005-10-27,3.51828
2005-10-28,3.60611
2005-10-31,3.77551
2005-11-01,3.89528
2005-11-02,3.88732
2005-11-03,3.91776
2005-11-04,3.80754
2005-11-07,3.76606
2005-11-08,3.82326
2005-11-09,3.82993
2005-11-10,3.8153
2005-11-11,4.05006
2005-11-14,4.04051
2005-11-15,4.00848
2005-11-16,4.09791
2005-11-17,4.06926
2005-11-18,4.05324
2005-11-21,3.98779
2005-11-22,3.91438
2005-11-23,3.9112
2005-11-25,3.96541
2005-11-28,3.92711
2005-11-29,4.01007
2005-11-30,4.06618
2005-12-01,4.20643
2005-12-02,4.23826
2005-12-05,4.18743
2005-12-06,4.31038
2005-12-07,4.35186
2005-12-08,4.2702
2005-12-09,4.27179
2005-12-12,4.36947
2005-12-13,4.44129
2005-12-14,4.44756
2005-12-15,4.42199
2005-12-16,4.52903
2005-12-19,4.5337
2005-12-20,4.50177
2005-12-21,4.56722
2005-12-22,4.66958
2005-12-23,4.69037
2005-12-27,4.56722
2005-12-28,4.64073
2005-12-29,4.7045
2005-12-30,4.59766
2006-01-03,4.76697
2006-01-04,4.99675
2006-01-05,4.9314
2006-01-06,5.05564
2006-01-09,4.99675
2006-01-10,4.80676
2006-01-11,4.8547
2006-01-12,4.82118
2006-01-13,4.77313
2006-01-17,4.61358
2006-01-18,4.54017
2006-01-19,4.7605
2006-01-20,4.72549
2006-01-23,4.71584
2006-01-24,4.8181
2006-01-25,4.9504
2006-01-26,5.10856
2006-01-27,5.04151
2006-01-30,5.01416
2006-01-31,5.01575
2006-02-01,5.09403
2006-02-02,4.86107
2006-02-03,4.84684
2006-02-06,5.02719
2006-02-07,4.90245
2006-02-08,4.80188
2006-02-09,4.90891
2006-02-10,4.93617
2006-02-13,4.77811
2006-02-14,4.7987
2006-02-15,4.83859
2006-02-16,4.97119
2006-02-17,4.86903
2006-02-21,4.84993
2006-02-22,4.95378
2006-02-23,4.86903
2006-02-24,4.88832
2006-02-27,4.98561
2006-02-28,4.90245
2006-03-01,5.14994
2006-03-02,5.08309
2006-03-03,5.07026
2006-03-06,4.9488
2006-03-07,4.75394
2006-03-08,4.62969
2006-03-09,4.69674
2006-03-10,4.78129
2006-03-13,4.78905
2006-03-14,4.73812
2006-03-15,4.79233
2006-03-16,4.71275
2006-03-17,4.68072
2006-03-20,4.71275
2006-03-21,4.63765
2006-03-22,4.66471
2006-03-23,4.5896
2006-03-24,4.62154
2006-03-27,4.60562
2006-03-28,4.58622
2006-03-29,4.5337
2006-03-30,4.45551
2006-03-31,4.41881
2006-04-03,4.75573
2006-04-04,4.70947
2006-04-05,4.67744
2006-04-06,4.6282
2006-04-07,4.50177
2006-04-10,4.46198
2006-04-11,4.32331
2006-04-12,4.22881
2006-04-13,4.22573
2006-04-17,4.29437
2006-04-18,4.38688
2006-04-19,4.33107
2006-04-20,4.49391
2006-04-21,4.48764
2006-04-24,4.3455
2006-04-25,4.29934
2006-04-26,4.3822
2006-04-27,4.10288
2006-04-28,4.37892
2006-05-01,4.56891
2006-05-02,4.7413
2006-05-03,4.69674
2006-05-04,4.80516
2006-05-05,4.78129
2006-05-08,4.80855
2006-05-09,4.81332
2006-05-10,4.83222
2006-05-11,4.72847
2006-05-12,4.58324
2006-05-15,4.42667
2006-05-16,4.63914
2006-05-17,4.43472
2006-05-18,4.40279
2006-05-19,4.35495
2006-05-22,4.20335
2006-05-23,4.26094
2006-05-24,4.16654
2006-05-25,4.30073
2006-05-26,4.39165
2006-05-30,4.20335
2006-05-31,4.24652
2006-06-01,4.28631
2006-06-02,4.34231
2006-06-05,4.06777
2006-06-06,4.03564
2006-06-07,3.95914
2006-06-08,3.78347
2006-06-09,3.77064
2006-06-12,3.61586
2006-06-13,3.59199
2006-06-14,3.67654
2006-06-15,4.07861
2006-06-16,3.95914
2006-06-19,3.77551
2006-06-20,3.91776
2006-06-21,3.95427
2006-06-22,3.86962
2006-06-23,3.74995
2006-06-26,3.67793
2006-06-27,3.59666
2006-06-28,3.5902
2006-06-29,3.83152
2006-06-30,3.77551
2006-07-03,3.91776
2006-07-05,3.75801
2006-07-06,3.69235
2006-07-07,3.61924
2006-07-10,3.64471
2006-07-11,3.55031
2006-07-12,3.57607
2006-07-13,3.46725
2006-07-14,3.50435
2006-07-17,3.39244
2006-07-18,3.43223
2006-07-19,3.67156
2006-07-20,3.56652
2006-07-21,3.552
2006-07-24,4.04051
2006-07-25,4.15222
2006-07-26,4.10616
2006-07-27,3.99097
2006-07-28,4.18743
2006-07-31,4.16983
2006-08-01,4.15222
2006-08-02,4.23826
2006-08-03,4.22573
2006-08-04,4.24503
2006-08-07,4.19231
2006-08-08,4.31038
2006-08-09,4.27179
2006-08-10,4.29755
2006-08-11,4.22424
2006-08-14,4.16983
2006-08-15,4.25905
2006-08-16,4.40598
2006-08-17,4.40777
2006-08-18,4.35962
2006-08-21,4.3647
2006-08-22,4.3629
2006-08-23,4.20643
2006-08-24,4.21141
2006-08-25,4.21459
2006-08-28,4.28144
2006-08-29,4.35326
2006-08-30,4.2879
2006-08-31,4.26094
2006-09-01,4.41563
2006-09-05,4.41732
2006-09-06,4.30362
2006-09-07,4.31038
2006-09-08,4.29934
2006-09-11,4.17938
2006-09-12,4.35017
2006-09-13,4.52097
2006-09-14,4.58503
2006-09-15,4.54315
2006-09-18,4.56563
2006-09-19,4.48277
2006-09-20,4.6663
2006-09-21,4.59607
2006-09-22,4.52574
2006-09-25,4.59458
2006-09-26,4.73334
2006-09-27,4.81959
2006-09-28,4.89131
2006-09-29,4.90245
2006-10-02,4.8163
2006-10-03,4.85311
2006-10-04,4.9488
2006-10-05,4.97606
2006-10-06,5.02082
2006-10-09,4.97119
2006-10-10,4.97606
2006-10-11,4.93468
2006-10-12,5.16287
2006-10-13,5.15959
2006-10-16,5.28264
2006-10-17,5.23469
2006-10-18,5.37346
2006-10-19,5.32243
2006-10-20,5.3655
2006-10-23,5.30174
2006-10-24,5.27617
2006-10-25,5.48855
2006-10-26,5.6099
2006-10-27,5.54107
2006-10-30,5.6114
2006-10-31,5.6114
2006-11-01,5.51252
2006-11-02,5.61776
2006-11-03,5.63388
2006-11-06,5.70401
2006-11-07,5.65924
2006-11-08,5.76598
2006-11-09,5.95935
2006-11-10,6.06788
2006-11-13,6.13353
2006-11-14,6.0648
2006-11-15,6.29627
2006-11-16,6.2338
2006-11-17,6.07763
2006-11-20,6.12547
2006-11-21,6.25479
2006-11-22,6.27379
2006-11-24,6.27379
2006-11-27,6.12398
2006-11-28,6.11254
2006-11-29,6.18605
2006-11-30,6.21152
2006-12-01,6.21023
2006-12-04,6.24375
2006-12-05,6.25011
2006-12-06,6.27379
2006-12-07,6.37923
2006-12-08,6.18934
2006-12-11,6.04868
2006-12-12,5.90663
2006-12-13,6.1207
2006-12-14,6.38719
2006-12-15,6.5356
2006-12-18,6.41435
2006-12-19,6.30244
2006-12-20,6.30244
2006-12-21,6.19729
2006-12-22,6.23062
2006-12-26,6.43364
2006-12-27,6.59628
2006-12-28,6.77693
2006-12-29,6.66333
2007-01-03,6.7432
2007-01-04,6.73047
2007-01-05,6.68909
2007-01-08,6.82129
2007-01-09,6.70809
2007-01-10,6.53739
2007-01-11,6.85183
2007-01-12,7.17591
2007-01-16,7.05287
2007-01-17,7.15363
2007-01-18,7.03864
2007-01-19,7.10419
2007-01-22,6.98423
2007-01-23,7.11056
2007-01-24,7.20605
2007-01-25,7.01934
2007-01-26,7.09136
2007-01-29,6.96662
2007-01-30,7.16627
2007-01-31,7.04809
2007-02-01,7.12638
2007-02-02,7.13274
2007-02-05,7.09136
2007-02-06,7.18536
2007-02-07,7.36432
2007-02-08,7.4617
2007-02-09,7.32592
2007-02-12,7.13433
2007-02-13,6.7432
2007-02-14,6.96185
2007-02-15,7.04322
2007-02-16,7.07992
2007-02-20,7.11673
2007-02-21,7.235
2007-02-22,7.0274
2007-02-23,6.64602
2007-02-26,6.54197
2007-02-27,5.83322
2007-02-28,6.12398
2007-03-01,6.05027
2007-03-02,5.95786
2007-03-05,6.04231
2007-03-06,6.29468
2007-03-07,6.21968
2007-03-08,6.45583
2007-03-09,6.36172
2007-03-12,6.42877
2007-03-13,6.06012
2007-03-14,6.20505
2007-03-15,6.03615
2007-03-16,5.89241
2007-03-19,6.09036
2007-03-20,6.16536
2007-03-21,6.43533
2007-03-22,6.45115
2007-03-23,6.52138
2007-03-26,6.50556
2007-03-27,6.31388
2007-03-28,6.27379
2007-03-29,6.30403
2007-03-30,5.86674
2007-04-02,5.83153
2007-04-03,5.98174
2007-04-04,6.02003
2007-04-05,6.12398
2007-04-09,6.16845
2007-04-10,6.21321
2007-04-11,6.19411
2007-04-12,6.30582
2007-04-13,6.48149
2007-04-16,6.77036
2007-04-17,6.80697
2007-04-18,6.79274
2007-04-19,6.7624
2007-04-20,6.85641
2007-04-23,6.96185
2007-04-24,7.23958
2007-04-25,7.42659
2007-04-26,7.41535
2007-04-27,7.14727
2007-04-30,6.53232
2007-05-01,6.43195
2007-05-02,6.57559
2007-05-03,6.66979
2007-05-04,6.68233
2007-05-07,6.59012
2007-05-08,6.63637
2007-05-09,6.71933
2007-05-10,6.50397
2007-05-11,6.70003
2007-05-14,6.98423
2007-05-15,7.10867
2007-05-16,7.60833
2007-05-17,7.53342
2007-05-18,7.63896
2007-05-21,7.6131
2007-05-22,7.60365
2007-05-23,7.42659
2007-05-24,7.38013
2007-05-25,7.48229
2007-05-29,7.51273
2007-05-30,7.64523
2007-05-31,7.59072
2007-06-01,7.74749
2007-06-04,7.73456
2007-06-05,7.65309
2007-06-06,7.46797
2007-06-07,7.33716
2007-06-08,7.47752
2007-06-11,7.48727
2007-06-12,7.55909
2007-06-13,7.4233
2007-06-14,7.43932
2007-06-15,7.45046
2007-06-18,7.52715
2007-06-19,7.93261
2007-06-20,7.70113
2007-06-21,7.89113
2007-06-22,7.92465
2007-06-25,7.73456
2007-06-26,7.7633
2007-06-27,7.8209
2007-06-28,7.85601
2007-06-29,7.84627
2007-07-02,7.99
2007-07-03,8.04591
2007-07-05,8.18617
2007-07-06,8.18975
2007-07-09,8.26147
2007-07-10,8.01089
2007-07-11,8.04591
2007-07-12,8.3686
2007-07-13,8.44927
2007-07-16,8.40153
2007-07-17,8.29161
2007-07-18,8.22934
2007-07-19,8.49821
2007-07-20,8.3686
2007-07-23,8.03944
2007-07-24,7.69954
2007-07-25,7.61161
2007-07-26,7.23182
2007-07-27,7.04968
2007-07-30,7.34661
2007-07-31,7.07525
2007-08-01,7.1408
2007-08-02,7.13593
2007-08-03,6.88704
2007-08-06,6.94921
2007-08-07,6.72241
2007-08-08,7.06401
2007-08-09,6.64105
2007-08-10,6.76718
2007-08-13,6.86456
2007-08-14,6.70481
2007-08-15,6.29627
2007-08-16,6.07096
2007-08-17,6.85183
2007-08-20,6.6873
2007-08-21,6.52138
2007-08-22,6.76569
2007-08-23,6.6123
2007-08-24,6.77991
2007-08-27,7.02093
2007-08-28,6.68909
2007-08-29,6.76569
2007-08-30,6.5932
2007-08-31,7.09584
2007-09-04,7.22227
2007-09-05,7.06242
2007-09-06,7.16308
2007-09-07,7.01139
2007-09-10,7.05953
2007-09-11,7.08171
2007-09-12,6.99089
2007-09-13,7.00979
2007-09-14,7.13274
2007-09-17,7.11374
2007-09-18,7.50149
2007-09-19,7.66592
2007-09-20,7.71068
2007-09-21,7.98205
2007-09-24,8.17493
2007-09-25,8.17343
2007-09-26,8.32543
2007-09-27,8.38014
2007-09-28,8.41665
2007-10-01,8.71208
2007-10-02,8.8224
2007-10-03,8.62465
2007-10-04,8.52398
2007-10-05,8.54099
2007-10-08,8.39804
2007-10-09,8.76003
2007-10-10,8.85443
2007-10-11,8.71636
2007-10-12,8.76003
2007-10-15,8.95251
2007-10-16,8.37049
2007-10-17,8.73506
2007-10-18,8.62106
2007-10-19,8.52567
2007-10-22,8.95768
2007-10-23,9.5584
2007-10-24,9.32255
2007-10-25,9.29549
2007-10-26,10.3204
2007-10-29,10.9928
2007-10-30,10.6019
2007-10-31,11.0853
2007-11-01,10.6228
2007-11-02,11.0077
2007-11-05,10.584
2007-11-06,10.8167
2007-11-07,10.2726
2007-11-08,10.3512
2007-11-09,9.61709
2007-11-12,9.17981
2007-11-13,10.3144
2007-11-14,10.2448
2007-11-15,9.823
2007-11-16,10.0349
2007-11-19,9.48977
2007-11-20,9.64594
2007-11-21,8.95599
2007-11-23,9.38025
2007-11-26,8.82608
2007-11-27,9.40213
2007-11-28,9.71955
2007-11-29,9.49872
2007-11-30,9.65788
2007-12-03,9.3137
2007-12-04,9.40412
2007-12-05,9.64097
2007-12-06,10.0657
2007-12-07,10.1821
2007-12-10,10.2766
2007-12-11,10.0717
2007-12-12,10.3303
2007-12-13,10.1662
2007-12-14,9.86776
2007-12-17,9.08342
2007-12-18,9.25978
2007-12-19,9.20458
2007-12-20,9.32255
2007-12-21,9.58427
2007-12-24,9.78222
2007-12-26,10.1115
2007-12-27,9.52657
2007-12-28,9.81803
2007-12-31,9.81803
2008-01-02,9.92248
2008-01-03,9.97719
2008-01-04,9.84389
2008-01-07,10.8088
2008-01-08,10.4935
2008-01-09,10.8028
2008-01-10,11.6334
2008-01-11,11.517
2008-01-14,11.3967
2008-01-15,10.5402
2008-01-16,10.577
2008-01-17,10.008
2008-01-18,9.95232
2008-01-22,9.84688
2008-01-23,9.80112
2008-01-24,9.42998
2008-01-25,9.94138
2008-01-28,10.205
2008-01-29,9.94138
2008-01-30,9.82698
2008-01-31,9.69965
2008-02-01,9.94138
2008-02-04,9.64793
2008-02-05,9.21711
2008-02-06,9.06213
2008-02-07,9.05228
2008-02-08,8.82518
2008-02-11,8.76719
2008-02-12,8.99687
2008-02-13,9.21084
2008-02-14,9.29102
2008-02-15,9.48181
2008-02-19,9.38224
2008-02-20,9.31071
2008-02-21,9.01488
2008-02-22,8.59968
2008-02-25,8.87592
2008-02-26,8.98991
2008-02-27,8.8982
2008-02-28,8.60147
2008-02-29,8.27529
2008-03-03,8.02661
2008-03-04,7.48876
2008-03-05,7.54934
2008-03-06,7.24445
2008-03-07,6.89172
2008-03-10,6.58206
2008-03-11,7.25261
2008-03-12,6.86456
2008-03-13,6.7432
2008-03-14,6.44011
2008-03-17,5.61309
2008-03-18,6.31537
2008-03-19,5.67058
2008-03-20,5.73922
2008-03-24,6.49114
2008-03-25,6.86456
2008-03-26,6.49581
2008-03-27,6.30095
2008-03-28,6.31875
2008-03-31,6.09663
2008-04-01,6.574
2008-04-02,6.29776
2008-04-03,6.2898
2008-04-04,6.2149
2008-04-07,6.63637
2008-04-08,6.45911
2008-04-09,6.56266
2008-04-10,6.40649
2008-04-11,6.21789
2008-04-14,6.10001
2008-04-15,6.42061
2008-04-16,6.69058
2008-04-17,6.58504
2008-04-18,6.73366
2008-04-21,7.04163
2008-04-22,6.96185
2008-04-23,6.96493
2008-04-24,7.16
2008-04-25,7.53501
2008-04-28,7.24445
2008-04-29,7.20446
2008-04-30,7.11812
2008-05-01,7.30364
2008-05-02,7.48727
2008-05-05,7.38013
2008-05-06,7.23799
2008-05-07,7.0658
2008-05-08,6.87421
2008-05-09,6.7815
2008-05-12,6.74012
2008-05-13,6.77693
2008-05-14,6.90923
2008-05-15,7.13901
2008-05-16,7.09753
2008-05-19,7.1024
2008-05-20,6.87252
2008-05-21,6.54545
2008-05-22,6.53083
2008-05-23,6.29309
2008-05-27,6.02481
2008-05-28,6.07922
2008-05-29,6.02003
2008-05-30,6.02342
2008-06-02,5.64979
2008-06-03,5.58096
2008-06-04,5.59071
2008-06-05,5.89868
2008-06-06,5.65924
2008-06-09,5.5348
2008-06-10,5.45492
2008-06-11,5.20893
2008-06-12,5.63229
2008-06-13,5.85083
2008-06-16,5.88753
2008-06-17,5.95935
2008-06-18,5.79502
2008-06-19,5.67834
2008-06-20,5.35446
2008-06-23,5.28721
2008-06-24,5.08458
2008-06-25,5.21539
2008-06-26,4.94701
2008-06-27,4.73504
2008-06-30,4.5912
2008-07-01,4.37892
2008-07-02,4.36947
2008-07-03,4.33107
2008-07-07,4.44587
2008-07-08,4.62651
2008-07-09,4.46377
2008-07-10,4.58622
2008-07-11,4.24801
2008-07-14,4.19688
2008-07-15,3.89846
2008-07-16,4.2319
2008-07-17,4.63268
2008-07-18,4.78905
2008-07-21,4.78268
2008-07-22,5.41026
2008-07-23,5.87789
2008-07-24,5.25538
2008-07-25,5.12298
2008-07-28,4.69037
2008-07-29,4.84028
2008-07-30,4.77005
2008-07-31,4.72688
2008-08-01,4.85311
2008-08-04,4.6853
2008-08-05,5.41344
2008-08-06,5.41822
2008-08-07,5.1949
2008-08-08,5.6099
2008-08-11,5.69426
2008-08-12,5.22494
2008-08-13,5.12298
2008-08-14,5.01575
2008-08-15,4.968
2008-08-18,4.76866
2008-08-19,4.77313
2008-08-20,4.96313
2008-08-21,4.7413
2008-08-22,4.82904
2008-08-25,4.71275
2008-08-26,4.83859
2008-08-27,4.78268
2008-08-28,4.91677
2008-08-29,4.95209
2008-09-02,5.22982
2008-09-03,5.19321
2008-09-04,4.89131
2008-09-05,5.0622
2008-09-08,5.12298
2008-09-09,4.82735
2008-09-10,4.97606
2008-09-11,4.83222
2008-09-12,4.76537
2008-09-15,4.16814
2008-09-16,4.02281
2008-09-17,3.71474
2008-09-18,4.15222
2008-09-19,4.46805
2008-09-22,4.1186
2008-09-23,4.15053
2008-09-24,4.42995
2008-09-25,4.38041
2008-09-26,3.98152
2008-09-29,3.48475
2008-09-30,3.75482
2008-10-01,3.82326
2008-10-02,3.9112
2008-10-03,3.63824
2008-10-06,3.29804
2008-10-07,3.1928
2008-10-08,2.80664
2008-10-09,2.76974
2008-10-10,2.211
2008-10-13,2.87349
2008-10-14,2.84623
2008-10-15,2.44257
2008-10-16,2.73005
2008-10-17,2.57169
2008-10-20,2.78595
2008-10-21,2.65803
2008-10-22,2.25397
2008-10-23,2.29724
2008-10-24,1.98599
2008-10-27,1.98758
2008-10-28,2.36428
2008-10-29,2.27008
2008-10-30,2.57974
2008-10-31,2.76486
2008-11-03,2.89587
2008-11-04,3.10665
2008-11-05,2.73622
2008-11-06,2.6628
2008-11-07,2.90065
2008-11-10,3.03484
2008-11-11,2.69314
2008-11-12,2.36737
2008-11-13,2.58134
2008-11-14,2.41213
2008-11-17,2.39781
2008-11-18,2.31952
2008-11-19,2.00369
2008-11-20,1.80873
2008-11-21,2.08954
2008-11-24,2.22542
2008-11-25,2.17737
2008-11-26,2.10884
2008-11-28,2.27337
2008-12-01,1.96689
2008-12-02,2.10734
2008-12-03,2.22542
2008-12-04,2.23328
2008-12-05,2.44894
2008-12-08,2.58641
2008-12-09,2.49987
2008-12-10,2.71722
2008-12-11,2.69812
2008-12-12,2.83032
2008-12-15,2.76974
2008-12-16,3.07632
2008-12-17,2.99166
2008-12-18,3.06527
2008-12-19,3.10476
2008-12-22,2.98679
2008-12-23,2.79212
2008-12-24,2.91338
2008-12-26,2.78595
2008-12-29,3.03484
2008-12-30,3.06179
2008-12-31,3.07303
2009-01-02,3.29018
2009-01-05,3.35265
2009-01-06,3.51201
2009-01-07,3.04429
2009-01-08,3.01554
2009-01-09,2.99007
2009-01-12,2.77133
2009-01-13,2.82405
2009-01-14,2.73452
2009-01-15,2.63247
2009-01-16,2.69145
2009-01-20,2.34031
2009-01-21,2.48892
2009-01-22,2.39632
2009-01-23,2.36428
2009-01-26,2.33872
2009-01-27,2.42327
2009-01-28,2.78735
2009-01-29,2.61187
2009-01-30,2.63107
2009-02-02,2.56393
2009-02-03,2.59725
2009-02-04,2.58452
2009-02-05,2.61008
2009-02-06,2.82087
2009-02-09,2.89895
2009-02-10,2.72667
2009-02-11,2.8335
2009-02-12,2.84007
2009-02-13,2.78735
2009-02-17,2.40716
2009-02-18,2.34688
2009-02-19,2.31495
2009-02-20,2.19976
2009-02-23,2.13589
2009-02-24,2.24949
2009-02-25,2.16007
2009-02-26,2.04816
2009-02-27,1.98917
2009-03-02,1.756
2009-03-03,1.77679
2009-03-04,1.84861
2009-03-05,1.62191
2009-03-06,1.65554
2009-03-09,1.58998
2009-03-10,1.84861
2009-03-11,1.79908
2009-03-12,1.87587
2009-03-13,1.88234
2009-03-16,2.01623
2009-03-17,2.08815
2009-03-18,2.21736
2009-03-19,2.12963
2009-03-20,2.0019
2009-03-23,2.32111
2009-03-24,2.24949
2009-03-25,2.24949
2009-03-26,2.3612
2009-03-27,2.33404
2009-03-30,2.02409
2009-03-31,2.12177
2009-04-01,2.29237
2009-04-02,2.40577
2009-04-03,2.43939
2009-04-06,2.37085
2009-04-07,2.31952
2009-04-08,2.42496
2009-04-09,2.67404
2009-04-13,2.82087
2009-04-14,2.70598
2009-04-15,2.8705
2009-04-16,2.82087
2009-04-17,2.7954
2009-04-20,2.59586
2009-04-21,2.65316
2009-04-22,2.56393
2009-04-23,2.80316
2009-04-24,2.88622
2009-04-27,2.94521
2009-04-28,2.8895
2009-04-29,3.31247
2009-04-30,3.29347
2009-05-01,3.28063
2009-05-04,3.74517
2009-05-05,3.80595
2009-05-06,3.58562
2009-05-07,3.41462
2009-05-08,3.58393
2009-05-11,3.4579
2009-05-12,3.59199
2009-05-13,3.35086
2009-05-14,3.55836
2009-05-15,3.73393
2009-05-18,4.67585
2009-05-19,4.65993
2009-05-20,4.53062
2009-05-21,4.47153
2009-05-22,4.70947
2009-05-26,4.66152
2009-05-27,4.67097
2009-05-28,4.90742
2009-05-29,4.97119
2009-06-01,5.12139
2009-06-02,5.07812
2009-06-03,4.79392
2009-06-04,5.1389
2009-06-05,5.20743
2009-06-08,4.99854
2009-06-09,5.07185
2009-06-10,5.08309
2009-06-11,5.08916
2009-06-12,4.97119
2009-06-15,4.7605
2009-06-16,4.78766
2009-06-17,4.7605
2009-06-18,4.61676
2009-06-19,4.76209
2009-06-22,4.50177
2009-06-23,4.47153
2009-06-24,4.48924
2009-06-25,4.72051
2009-06-26,4.9314
2009-06-29,4.91677
2009-06-30,4.70947
2009-07-01,4.90573
2009-07-02,4.76537
2009-07-06,4.46377
2009-07-07,4.45412
2009-07-08,4.15699
2009-07-09,4.19848
2009-07-10,4.15879
2009-07-13,4.35654
2009-07-14,4.50983
2009-07-15,4.75722
2009-07-16,4.6853
2009-07-17,4.86266
2009-07-20,5.30969
2009-07-21,5.1949
2009-07-22,5.0813
2009-07-23,5.31924
2009-07-24,5.04639
2009-07-27,5.00968
2009-07-28,4.84684
2009-07-29,4.74628
2009-07-30,4.95845
2009-07-31,5.00481
2009-08-03,5.30004
2009-08-04,5.25707
2009-08-05,5.26185
2009-08-06,5.17212
2009-08-07,5.04778
2009-08-10,4.74946
2009-08-11,4.68221
2009-08-12,4.85938
2009-08-13,5.06061
2009-08-14,4.9123
2009-08-17,4.57697
2009-08-18,4.72688
2009-08-19,4.73334
2009-08-20,4.82118
2009-08-21,4.96004
2009-08-24,4.95706
2009-08-25,5.01416
2009-08-26,5.01137
2009-08-27,5.01257
2009-08-28,4.95209
2009-08-31,4.87221
2009-09-01,4.6853
2009-09-02,4.71096
2009-09-03,4.76537
2009-09-04,4.90573
2009-09-08,5.22982
2009-09-09,5.41653
2009-09-10,5.47402
2009-09-11,5.56196
2009-09-14,5.54903
2009-09-15,5.67685
2009-09-16,5.88276
2009-09-17,5.70729
2009-09-18,5.65298
2009-09-21,5.59697
2009-09-22,5.72151
2009-09-23,5.64979
2009-09-24,5.6114
2009-09-25,5.61935
2009-09-28,5.78547
2009-09-29,5.80139
2009-09-30,6.15581
2009-10-01,5.92106
2009-10-02,6.04729
2009-10-05,6.34103
2009-10-06,6.45115
2009-10-07,6.25151
2009-10-08,6.2915
2009-10-09,6.24375
2009-10-12,6.28513
2009-10-13,6.30741
2009-10-14,6.49412
2009-10-15,6.49263
2009-10-16,6.46697
2009-10-19,6.58355
2009-10-20,6.50059
2009-10-21,6.24047
2009-10-22,6.28035
2009-10-23,6.17173
2009-10-26,5.96761
2009-10-27,5.4789
2009-10-28,5.26503
2009-10-29,5.37515
2009-10-30,5.02082
2009-11-02,5.23638
2009-11-03,5.28264
2009-11-04,5.66253
2009-11-05,5.75673
2009-11-06,5.74549
2009-11-09,6.25479
2009-11-10,6.1398
2009-11-11,6.49412
2009-11-12,6.15422
2009-11-13,6.20694
2009-11-16,6.35048
2009-11-17,6.33606
2009-11-18,6.1956
2009-11-19,5.91618
2009-11-20,6.07265
2009-11-23,6.20694
2009-11-24,6.04052
2009-11-25,6.13502
2009-11-27,5.81243
2009-11-30,5.93856
2009-12-01,6.09842
2009-12-02,6.12866
2009-12-03,5.98651
2009-12-04,6.10459
2009-12-07,5.8556
2009-12-08,5.8749
2009-12-09,5.89718
2009-12-10,6.0072
2009-12-11,5.84765
2009-12-14,5.8366
2009-12-15,5.59528
2009-12-16,5.6099
2009-12-17,5.46129
2009-12-18,5.46935
2009-12-21,5.54107
2009-12-22,5.76468
2009-12-23,5.89082
2009-12-24,5.90663
2009-12-28,5.95458
2009-12-29,6.00113
2009-12-30,6.03615
2009-12-31,6.02003
2010-01-04,6.18775
2010-01-05,6.27558
2010-01-06,6.1767
2010-01-07,6.16198
2010-01-08,6.03456
2010-01-11,6.02958
2010-01-12,5.77095
2010-01-13,5.87162
2010-01-14,5.85719
2010-01-15,5.77742
2010-01-19,6.08887
2010-01-20,6.00253
2010-01-21,5.72629
2010-01-22,5.74071
2010-01-25,5.89241
2010-01-26,5.5171
2010-01-27,5.47581
2010-01-28,5.34302
2010-01-29,5.63229
2010-02-01,5.73922
2010-02-02,5.71664
2010-02-03,5.90663
2010-02-04,5.55072
2010-02-05,5.35446
2010-02-08,5.36212
2010-02-09,5.59697
2010-02-10,5.56683
2010-02-11,5.66402
2010-02-12,5.65755
2010-02-16,5.76787
2010-02-17,5.80308
2010-02-18,5.86038
2010-02-19,5.82994
2010-02-22,5.80308
2010-02-23,5.80139
2010-02-24,5.84277
2010-02-25,5.88276
2010-02-26,6.10618
2010-03-01,6.20854
2010-03-02,6.2723
2010-03-03,6.39366
2010-03-04,6.31696
2010-03-05,6.53869
2010-03-08,6.50556
2010-03-09,6.52138
2010-03-10,6.53083
2010-03-11,6.60742
2010-03-12,6.60116
2010-03-15,6.45911
2010-03-16,6.62364
2010-03-17,6.79274
2010-03-18,6.76857
2010-03-19,6.50855
2010-03-22,6.56604
2010-03-23,6.50059
2010-03-24,6.41116
2010-03-25,6.55172
2010-03-26,6.61548
2010-03-29,6.85183
2010-03-30,6.933
2010-03-31,6.81662
2010-04-01,6.9525
2010-04-05,7.23958
2010-04-06,7.31
2010-04-07,7.10718
2010-04-08,7.03218
2010-04-09,7.18397
2010-04-12,6.91887
2010-04-13,6.81353
2010-04-14,6.839
2010-04-15,6.67934
2010-04-16,6.51511
2010-04-19,6.54873
2010-04-20,6.81821
2010-04-21,6.79752
2010-04-22,6.86775
2010-04-23,7.16945
2010-04-26,6.84865
2010-04-27,6.54048
2010-04-28,6.6123
2010-04-29,6.77175
2010-04-30,6.78797
2010-05-03,6.76419
2010-05-04,6.28672
2010-05-05,6.47035
2010-05-06,6.13662
2010-05-07,6.12398
2010-05-10,6.77354
2010-05-11,6.5166
2010-05-12,6.56445
2010-05-13,6.51959
2010-05-14,6.25479
2010-05-17,6.30095
2010-05-18,6.05853
2010-05-19,5.838
2010-05-20,5.60652
2010-05-21,5.80308
2010-05-24,5.648
2010-05-25,5.60483
2010-05-26,5.56345
2010-05-27,5.95279
2010-05-28,5.87321
2010-06-01,5.66402
2010-06-02,5.8749
2010-06-03,5.92752
2010-06-04,5.79174
2010-06-07,5.61458
2010-06-08,5.65128
2010-06-09,5.58096
2010-06-10,5.76309
2010-06-11,5.83979
2010-06-14,5.84108
2010-06-15,6.04729
2010-06-16,6.06161
2010-06-17,6.06639
2010-06-18,6.0823
2010-06-21,6.22127
2010-06-22,6.0264
2010-06-23,6.1589
2010-06-24,5.98343
2010-06-25,5.99606
2010-06-28,6.0648
2010-06-29,5.79025
2010-06-30,5.76896
2010-07-01,5.74071
2010-07-02,5.71027
2010-07-06,5.78199
2010-07-07,5.87162
2010-07-08,5.93061
2010-07-09,6.04231
2010-07-12,6.11732
2010-07-13,6.2532
2010-07-14,6.16377
2010-07-15,6.18108
2010-07-16,6.00561
2010-07-19,6.06012
2010-07-20,6.07415
2010-07-21,6.02958
2010-07-22,6.22266
2010-07-23,6.27687
2010-07-26,6.28344
2010-07-27,6.27071
2010-07-28,6.12547
2010-07-29,6.2149
2010-07-30,6.21152
2010-08-02,6.60911
2010-08-03,6.64761
2010-08-04,6.70481
2010-08-05,6.62205
2010-08-06,6.60424
2010-08-09,6.7624
2010-08-10,6.75275
2010-08-11,6.50228
2010-08-12,6.50686
2010-08-13,6.58206
2010-08-16,6.56117
2010-08-17,6.63468
2010-08-18,6.66979
2010-08-19,6.7815
2010-08-20,6.78946
2010-08-23,6.81353
2010-08-24,6.72241
2010-08-25,6.62682
2010-08-26,6.60742
2010-08-27,6.6313
2010-08-30,6.53232
2010-08-31,6.59549
2010-09-01,6.86128
2010-09-02,6.88058
2010-09-03,6.9142
2010-09-07,6.93489
2010-09-08,7.09136
2010-09-09,7.22376
2010-09-10,7.28593
2010-09-13,7.65478
2010-09-14,7.5367
2010-09-15,7.61499
2010-09-16,7.58316
2010-09-17,7.63399
2010-09-20,7.80976
2010-09-21,7.73635
2010-09-22,7.80011
2010-09-23,7.61161
2010-09-24,7.86079
2010-09-27,7.80011
2010-09-28,7.91341
2010-09-29,7.8591
2010-09-30,7.95807
2010-10-01,8.1224
2010-10-04,8.1418
2010-10-05,8.25709
2010-10-06,8.20079
2010-10-07,8.15652
2010-10-08,8.22287
2010-10-11,8.2934
2010-10-12,8.20417
2010-10-13,8.39039
2010-10-14,8.24575
2010-10-15,8.18796
2010-10-18,8.16766
2010-10-19,7.89441
2010-10-20,8.01388
2010-10-21,8.24247
2010-10-22,8.17085
2010-10-25,8.22287
2010-10-26,8.16408
2010-10-27,7.9149
2010-10-28,7.99
2010-10-29,8.39387
2010-11-01,8.70034
2010-11-02,8.89372
2010-11-03,8.85801
2010-11-04,9.16528
2010-11-05,9.18936
2010-11-08,9.08879
2010-11-09,8.94087
2010-11-10,9.06302
2010-11-11,8.87502
2010-11-12,8.614
2010-11-15,8.70393
2010-11-16,8.22596
2010-11-17,8.24655
2010-11-18,8.38869
2010-11-19,8.22596
2010-11-22,8.31767
2010-11-23,8.10012
2010-11-24,8.11813
2010-11-26,8.01865
2010-11-29,8.10012
2010-11-30,7.98831
2010-12-01,8.33408
2010-12-02,8.49374
2010-12-03,8.51154
2010-12-06,8.12748
2010-12-07,7.91023
2010-12-08,7.83025
2010-12-09,7.41694
2010-12-10,7.82249
2010-12-13,7.86208
2010-12-14,7.81752
2010-12-15,7.62613
2010-12-16,7.88795
2010-12-17,7.8398
2010-12-20,7.78887
2010-12-21,8.01716
2010-12-22,8.06013
2010-12-23,7.93569
2010-12-27,7.85442
2010-12-28,7.78728
2010-12-29,7.96912
2010-12-30,8.03536
2010-12-31,8.08411
2011-01-03,8.15712
2011-01-04,7.71218
2011-01-05,7.58316
2011-01-06,7.35636
2011-01-07,7.31
2011-01-10,7.13901
2011-01-11,7.21262
2011-01-12,7.42967
2011-01-13,7.28912
2011-01-14,7.19989
2011-01-18,7.2541
2011-01-19,7.20138
2011-01-20,7.235
2011-01-21,7.34512
2011-01-24,7.52875
2011-01-25,7.35934
2011-01-26,7.3115
2011-01-27,7.17591
2011-01-28,6.91559
2011-01-31,6.91927
2011-02-01,7.10081
2011-02-02,6.99089
2011-02-03,7.12638
2011-02-04,6.87909
2011-02-07,6.98105
2011-02-08,6.77036
2011-02-09,6.75454
2011-02-10,6.84238
2011-02-11,7.23799
2011-02-14,7.36591
2011-02-15,7.38182
2011-02-16,7.28126
2011-02-18,7.27479
2011-02-22,7.11215
2011-02-23,7.01934
2011-02-24,6.84865
2011-02-25,7.00502
2011-02-28,6.92236
2011-03-01,7.08311
2011-03-02,7.08311
2011-03-03,7.34353
2011-03-04,7.23958
2011-03-07,7.15662
2011-03-08,7.32124
2011-03-09,7.30364
2011-03-10,7.08967
2011-03-11,7.19989
2011-03-14,7.15831
2011-03-15,7.1215
2011-03-16,7.12638
2011-03-17,7.14577
2011-03-18,7.14229
2011-03-21,7.05774
2011-03-22,7.05605
2011-03-23,7.47443
2011-03-24,7.68204
2011-03-25,7.62116
2011-03-28,7.76997
2011-03-29,7.88795
2011-03-30,7.98662
2011-03-31,7.95449
2011-04-01,7.99488
2011-04-04,8.08888
2011-04-05,7.98344
2011-04-06,7.88954
2011-04-07,7.91182
2011-04-08,7.87014
2011-04-11,7.80488
2011-04-12,7.74242
2011-04-13,8.02174
2011-04-14,7.98205
2011-04-15,7.82707
2011-04-18,7.75385
2011-04-19,7.86875
2011-04-20,8.04263
2011-04-21,7.96752
2011-04-25,7.97399
2011-04-26,8.03944
2011-04-27,7.94524
2011-04-28,7.96454
2011-04-29,8.0467
2011-05-02,7.87014
2011-05-03,7.52586
2011-05-04,7.48229
2011-05-05,7.40938
2011-05-06,7.67457
2011-05-09,7.70571
2011-05-10,7.75385
2011-05-11,7.60186
2011-05-12,7.5558
2011-05-13,7.50637
2011-05-16,7.43932
2011-05-17,7.33816
2011-05-18,7.39943
2011-05-19,7.39774
2011-05-20,7.30443
2011-05-23,7.16627
2011-05-24,7.25738
2011-05-25,7.15682
2011-05-26,7.35268
2011-05-27,7.51114
2011-05-31,7.6131
2011-06-01,7.51293
2011-06-02,7.54844
2011-06-03,7.49672
2011-06-06,7.51114
2011-06-07,7.63737
2011-06-08,7.54357
2011-06-09,7.60186
2011-06-10,7.46578
2011-06-13,7.57769
2011-06-14,7.62792
2011-06-15,7.37854
2011-06-16,7.3672
2011-06-17,7.41425
2011-06-20,7.33169
2011-06-21,7.40291
2011-06-22,7.33169
2011-06-23,7.37068
2011-06-24,7.49672
2011-06-27,7.73943
2011-06-28,7.86875
2011-06-29,7.93679
2011-06-30,7.97558
2011-07-01,8.08878
2011-07-05,8.01418
2011-07-06,7.79752
2011-07-07,7.97727
2011-07-08,7.76519
2011-07-11,7.60673
2011-07-12,7.56615
2011-07-13,7.64553
2011-07-14,7.63419
2011-07-15,7.64384
2011-07-18,7.5177
2011-07-19,7.72302
2011-07-20,7.61947
2011-07-21,7.64384
2011-07-22,7.77813
2011-07-25,7.77982
2011-07-26,7.61648
2011-07-27,7.45305
2011-07-28,7.38182
2011-07-29,7.53372
2011-08-01,7.64891
2011-08-02,7.34303
2011-08-03,7.28971
2011-08-04,6.92395
2011-08-05,6.8771
2011-08-08,6.39813
2011-08-09,6.96603
2011-08-10,6.6504
2011-08-11,6.91599
2011-08-12,6.8948
2011-08-15,6.97567
2011-08-16,6.65557
2011-08-17,6.55192
2011-08-18,5.989
2011-08-19,5.92086
2011-08-22,5.95498
2011-08-23,6.12468
2011-08-24,6.0083
2011-08-25,5.81104
2011-08-26,5.84496
2011-08-29,6.07454
2011-08-30,6.16029
2011-08-31,6.36749
2011-09-01,6.37386
2011-09-02,6.14428
2011-09-06,6.17183
2011-09-07,6.39186
2011-09-08,6.3658
2011-09-09,6.10697
2011-09-12,5.96791
2011-09-13,5.94841
2011-09-14,5.91469
2011-09-15,6.12965
2011-09-16,5.99855
2011-09-19,5.8563
2011-09-20,5.96791
2011-09-21,5.92086
2011-09-22,5.50048
2011-09-23,5.6104
2011-09-26,5.77205
2011-09-27,5.9131
2011-09-28,5.75921
2011-09-29,5.96124
2011-09-30,5.61687
2011-10-03,5.41305
2011-10-04,5.16705
2011-10-05,5.26573
2011-10-06,5.43712
2011-10-07,5.42449
2011-10-10,5.65536
2011-10-11,5.5538
2011-10-12,5.86933
2011-10-13,5.84655
2011-10-14,5.94045
2011-10-17,5.86426
2011-10-18,5.91469
2011-10-19,5.77543
2011-10-20,5.64432
2011-10-21,5.74459
2011-10-24,5.82407
2011-10-25,5.61518
2011-10-26,5.63159
2011-10-27,6.16198
2011-10-28,6.2898
2011-10-31,6.01168
2011-11-01,5.81104
2011-11-02,5.84337
2011-11-03,5.80915
2011-11-04,5.71545
2011-11-07,5.75285
2011-11-08,5.8368
2011-11-09,5.37236
2011-11-10,5.38231
2011-11-11,5.40001
2011-11-14,5.22206
2011-11-15,5.12348
2011-11-16,5.01993
2011-11-17,4.81292
2011-11-18,4.84028
2011-11-21,4.59915
2011-11-22,4.5911
2011-11-23,4.4391
2011-11-25,4.4585
2011-11-28,4.64113
2011-11-29,4.52485
2011-11-30,4.70947
2011-12-01,4.81461
2011-12-02,4.96969
2011-12-05,4.90673
2011-12-06,4.8919
2011-12-07,4.85331
2011-12-08,4.58304
2011-12-09,4.58304
2011-12-12,4.25657
2011-12-13,4.23996
2011-12-14,4.13004
2011-12-15,4.14635
2011-12-16,4.09771
2011-12-19,3.95228
2011-12-20,4.08319
2011-12-21,4.1933
2011-12-22,4.3825
2011-12-23,4.38409
2011-12-27,4.3455
2011-12-28,4.20305
2011-12-29,4.24821
2011-12-30,4.27497
2012-01-03,4.55399
2012-01-04,4.55071
2012-01-05,4.60403
2012-01-06,4.51361
2012-01-09,4.56842
2012-01-10,4.84525
2012-01-11,4.90822
2012-01-12,4.84684
2012-01-13,4.95527
2012-01-17,4.99556
2012-01-18,5.05066
2012-01-19,5.31427
2012-01-20,5.51809
2012-01-23,5.60055
2012-01-24,5.75285
2012-01-25,5.75921
2012-01-26,5.70261
2012-01-27,5.7059
2012-01-30,5.59916
2012-01-31,5.85759
2012-02-01,5.93389
2012-02-02,6.01635
2012-02-03,6.20078
2012-02-06,6.196
2012-02-07,6.09553
2012-02-08,6.1023
2012-02-09,6.13134
2012-02-10,6.02451
2012-02-13,6.14915
2012-02-14,6.16536
2012-02-15,6.30264
2012-02-16,6.32552
2012-02-17,6.42897
2012-02-21,6.43703
2012-02-22,6.24624
2012-02-23,6.06828
2012-02-24,6.0826
2012-02-27,5.83362
2012-02-28,5.9324
2012-02-29,5.87251
2012-03-01,5.87411
2012-03-02,5.91758
2012-03-05,5.75603
2012-03-06,5.46318
2012-03-07,5.61199
2012-03-08,5.7044
2012-03-09,6.0083
2012-03-12,5.989
2012-03-13,6.16029
2012-03-14,6.09732
2012-03-15,6.08439
2012-03-16,6.03595
2012-03-19,5.93389
2012-03-20,5.85451
2012-03-21,5.98412
2012-03-22,5.7625
2012-03-23,5.79323
2012-03-26,5.67993
2012-03-27,5.63945
2012-03-28,5.51332
2012-03-29,5.50048
2012-03-30,5.64114
2012-04-02,5.79154
2012-04-03,5.74459
2012-04-04,5.58941
2012-04-05,5.61199
2012-04-09,5.50834
2012-04-10,5.40001
2012-04-11,5.52605
2012-04-12,5.62652
2012-04-13,5.3839
2012-04-16,5.41782
2012-04-17,5.59648
2012-04-18,5.4599
2012-04-19,5.43891
2012-04-20,5.33685
2012-04-23,5.27547
2012-04-24,5.2334
2012-04-25,5.21887
2012-04-26,5.2512
2012-04-27,5.38072
2012-04-30,5.48238
2012-05-01,5.51232
2012-05-02,5.40797
2012-05-03,5.14566
2012-05-04,5.01028
2012-05-07,5.1186
2012-05-08,4.96661
2012-05-09,4.92274
2012-05-10,4.97546
2012-05-11,4.9688
2012-05-14,4.76587
2012-05-15,4.79014
2012-05-16,4.68003
2012-05-17,4.59607
2012-05-18,4.6286
2012-05-21,4.76587
2012-05-22,4.67963
2012-05-23,4.62353
2012-05-24,4.74419
2012-05-25,4.73762
2012-05-29,4.8746
2012-05-30,4.66988
2012-05-31,4.64999
2012-06-01,4.62353
2012-06-04,4.66322
2012-06-05,4.69137
2012-06-06,4.96741
2012-06-07,4.97377
2012-06-08,4.98521
2012-06-11,4.80049
2012-06-12,5.01485
2012-06-13,4.97546
2012-06-14,4.92762
2012-06-15,5.00351
2012-06-18,4.84167
2012-06-19,4.96561
2012-06-20,4.95736
2012-06-21,4.8168
2012-06-22,4.97546
2012-06-25,4.85331
2012-06-26,4.93259
2012-06-27,5.04659
2012-06-28,5.02321
2012-06-29,5.35366
2012-07-02,5.35366
2012-07-03,5.49243
2012-07-05,5.52714
2012-07-06,5.54027
2012-07-09,5.51232
2012-07-10,5.5536
2012-07-11,5.57847
2012-07-12,5.44637
2012-07-13,5.58842
2012-07-16,5.59319
2012-07-17,5.58991
2012-07-18,5.71206
2012-07-19,5.78488
2012-07-20,5.59319
2012-07-23,5.3652
2012-07-24,5.35197
2012-07-25,5.42638
2012-07-26,5.59478
2012-07-27,5.75852
2012-07-30,5.82298
2012-07-31,5.71873
2012-08-01,5.72858
2012-08-02,5.59319
2012-08-03,5.71037
2012-08-06,5.77662
2012-08-07,5.86247
2012-08-08,5.7997
2012-08-09,5.77662
2012-08-10,5.76837
2012-08-13,5.68083
2012-08-14,5.76837
2012-08-15,5.74021
2012-08-16,5.68899
2012-08-17,5.78816
2012-08-20,5.77155
2012-08-21,5.81134
2012-08-22,5.84595
2012-08-23,5.80149
2012-08-24,5.7057
2012-08-27,5.63776
2012-08-28,5.49243
2012-08-29,5.47432
2012-08-30,5.39484
2012-08-31,5.37346
2012-09-04,5.4594
2012-09-05,5.34212
2012-09-06,5.51719
2012-09-07,5.68083
2012-09-10,5.6099
2012-09-11,5.73037
2012-09-12,5.80786
2012-09-13,6.00959
2012-09-14,6.30851
2012-09-17,6.45881
2012-09-18,6.27558
2012-09-19,6.25539
2012-09-20,6.21928
2012-09-21,6.56445
2012-09-24,6.63219
2012-09-25,6.52158
2012-09-26,6.4983
2012-09-27,6.58942
2012-09-28,6.6305
2012-10-01,6.6686
2012-10-02,6.69009
2012-10-03,6.68342
2012-10-04,6.92126
2012-10-05,6.83054
2012-10-08,6.71485
2012-10-09,6.65378
2012-10-10,6.55122
2012-10-11,6.61558
2012-10-12,6.52496
2012-10-15,6.60742
2012-10-16,6.5929
2012-10-17,6.63408
2012-10-18,6.60911
2012-10-19,6.50009
2012-10-22,6.7066
2012-10-23,6.58942
2012-10-24,6.56624
2012-10-25,6.65557
2012-10-26,6.5547
2012-10-31,6.48368
2012-11-01,6.62075
2012-11-02,6.64871
2012-11-05,6.5744
2012-11-06,6.64871
2012-11-07,6.54296
2012-11-08,6.46547
2012-11-09,6.44399
2012-11-12,6.46209
2012-11-13,6.41753
2012-11-14,6.32671
2012-11-15,6.29707
2012-11-16,6.17133
2012-11-19,6.26046
2012-11-20,6.22913
2012-11-21,6.31358
2012-11-23,6.21759
2012-11-26,6.29846
2012-11-27,6.36312
2012-11-28,6.40589
2012-11-29,6.86178
2012-11-30,6.77106
2012-12-03,6.79583
2012-12-04,6.86347
2012-12-05,7.08649
2012-12-06,7.20058
2012-12-07,7.21391
2012-12-10,7.21859
2012-12-11,7.14935
2012-12-12,7.13612
2012-12-13,7.08649
2012-12-14,7.18895
2012-12-17,7.26673
2012-12-18,7.36402
2012-12-19,7.37894
2012-12-20,7.41853
2012-12-21,7.37247
2012-12-24,7.30304
2012-12-26,7.31776
2012-12-27,7.22704
2012-12-28,7.18248
2012-12-31,7.20377
2013-01-02,7.51611
2013-01-03,7.42529
2013-01-04,7.43335
2013-01-07,7.41027
2013-01-08,7.33438
2013-01-09,7.38222
2013-01-10,7.37407
2013-01-11,7.33935
2013-01-14,7.42032
2013-01-15,7.43335
2013-01-16,7.32602
2013-01-17,7.25848
2013-01-18,7.29299
2013-01-22,7.42997
2013-01-23,7.55073
2013-01-24,7.52079
2013-01-25,7.66284
2013-01-28,7.64145
2013-01-29,7.76042
2013-01-30,7.66632
2013-01-31,7.56545
2013-02-01,7.88944
2013-02-04,7.77365
2013-02-05,7.54745
2013-02-06,7.43335
2013-02-07,7.26335
2013-02-08,7.18248
2013-02-11,7.22028
2013-02-12,7.28812
2013-02-13,7.30145
2013-02-14,7.26504
2013-02-15,7.13105
2013-02-19,7.20874
2013-02-20,7.01715
2013-02-21,6.8948
2013-02-22,6.96931
2013-02-25,6.88983
2013-02-26,6.90326
2013-02-27,7.03705
2013-02-28,6.92464
2013-03-01,6.90157
2013-03-04,6.94961
2013-03-05,7.16239
2013-03-06,7.1031
2013-03-07,7.29638
2013-03-08,7.41196
2013-03-11,7.45822
2013-03-12,7.28643
2013-03-13,7.05346
2013-03-14,7.11305
2013-03-15,6.97249
2013-03-18,6.85203
2013-03-19,6.7066
2013-03-20,6.70172
2013-03-21,6.67705
2013-03-22,6.68183
2013-03-25,6.62722
2013-03-26,6.69993
2013-03-27,6.79921
2013-03-28,7.08649
2013-04-01,6.91828
2013-04-02,6.96752
2013-04-03,6.73137
2013-04-04,6.55968
2013-04-05,6.46876
2013-04-08,6.43902
2013-04-09,6.51511
2013-04-10,6.86526
2013-04-11,6.95608
2013-04-12,6.83392
2013-04-15,6.75962
2013-04-16,7.14259
2013-04-17,7.08987
2013-04-18,7.31607
2013-04-19,7.37247
2013-04-22,7.39704
2013-04-23,7.55073
2013-04-24,7.62832
2013-04-25,7.60196
2013-04-26,7.49781
2013-04-29,7.51094
2013-04-30,7.73396
2013-05-01,7.64821
2013-05-02,7.70919
2013-05-03,7.44996
2013-05-06,7.66632
2013-05-07,7.86467
2013-05-08,7.84328
2013-05-09,7.7636
2013-05-10,7.7636
2013-05-13,7.68114
2013-05-14,7.71426
2013-05-15,7.91082
2013-05-16,7.93082
2013-05-17,7.99339
2013-05-20,7.88436
2013-05-21,7.75495
2013-05-22,7.72411
2013-05-23,7.62981
2013-05-24,7.66144
2013-05-28,7.89919
2013-05-29,7.85393
2013-05-30,7.86566
2013-05-31,7.54675
2013-06-03,7.40242
2013-06-04,7.3672
2013-06-05,7.24117
2013-06-06,7.38739
2013-06-07,7.42589
2013-06-10,7.20267
2013-06-11,6.80846
2013-06-12,6.80339
2013-06-13,6.81164
2013-06-14,6.88386
2013-06-17,6.99965
2013-06-18,6.85034
2013-06-19,6.70759
2013-06-20,6.33676
2013-06-21,6.37863
2013-06-24,6.27468
2013-06-25,6.37863
2013-06-26,6.27976
2013-06-27,6.25787
2013-06-28,6.41892
2013-07-01,6.53819
2013-07-02,6.4223
2013-07-03,6.24444
2013-07-05,6.18745
2013-07-08,6.18387
2013-07-09,6.24952
2013-07-10,6.20416
2013-07-11,6.53133
2013-07-12,6.44409
2013-07-15,6.37028
2013-07-16,6.1203
2013-07-17,5.99944
2013-07-18,6.09334
2013-07-19,6.00282
2013-07-22,6.06161
2013-07-23,5.95916
2013-07-24,5.81999
2013-07-25,5.87023
2013-07-26,5.74777
2013-07-29,5.73425
2013-07-30,5.53132
2013-07-31,5.50118
2013-08-01,5.54793
2013-08-02,5.37017
2013-08-05,5.36152
2013-08-06,5.22584
2013-08-07,5.17879
2013-08-08,5.251
2013-08-09,5.27786
2013-08-12,5.2326
2013-08-13,5.43394
2013-08-14,5.52794
2013-08-15,5.28124
2013-08-16,4.97417
2013-08-19,4.50416
2013-08-20,4.6669
2013-08-21,4.47233
2013-08-22,4.58622
2013-08-23,4.64521
2013-08-26,4.53271
2013-08-27,4.27258
2013-08-28,4.40697
2013-08-29,4.39523
2013-08-30,4.36678
2013-09-03,4.27776
2013-09-04,4.52266
2013-09-05,5.11005
2013-09-06,5.22584
2013-09-09,5.21062
2013-09-10,5.31805
2013-09-11,5.23429
2013-09-12,5.09145
2013-09-13,5.15362
2013-09-16,5.36152
2013-09-17,5.37017
2013-09-18,5.83501
2013-09-19,5.70928
2013-09-20,5.43563
2013-09-23,5.36848
2013-09-24,5.37017
2013-09-25,5.24583
2013-09-26,5.31467
2013-09-27,5.21579
2013-09-30,5.11512
2013-10-01,5.25429
2013-10-02,5.2326
2013-10-03,5.38877
2013-10-04,5.251
2013-10-07,5.34501
2013-10-08,5.11851
2013-10-09,5.24414
2013-10-10,5.47601
2013-10-11,5.62343
2013-10-14,5.65049
2013-10-15,5.50765
2013-10-16,5.58494
2013-10-17,5.75434
2013-10-18,5.91399
2013-10-21,5.93409
2013-10-22,5.93568
2013-10-23,5.84337
2013-10-24,5.87868
2013-10-25,5.87361
2013-10-28,5.83501
2013-10-29,6.19073
2013-10-30,6.22933
2013-10-31,6.26295
2013-11-01,6.29806
2013-11-04,6.22435
2013-11-05,6.09683
2013-11-06,5.99427
2013-11-07,5.83153
2013-11-08,5.78468
2013-11-11,5.6671
2013-11-12,5.52436
2013-11-13,5.62194
2013-11-14,5.68401
2013-11-15,5.79144
2013-11-18,5.91708
2013-11-19,5.81144
2013-11-20,5.75434
2013-11-21,5.65387
2013-11-22,5.75285
2013-11-25,5.93061
2013-11-26,5.77473
2013-11-27,5.79303
2013-11-29,6.01794
2013-12-02,5.99765
2013-12-03,5.84009
2013-12-04,6.14537
2013-12-05,6.19242
2013-12-06,6.46766
2013-12-09,6.79324
2013-12-10,6.54306
2013-12-11,6.43066
2013-12-12,6.11861
2013-12-13,6.01307
2013-12-16,6.1776
2013-12-17,5.96413
2013-12-18,6.25111
2013-12-19,6.03306
2013-12-20,6.102
2013-12-23,6.13542
2013-12-24,6.1589
2013-12-26,6.15213
2013-12-27,6.22753
2013-12-30,6.20416
2013-12-31,6.23778
2014-01-02,6.04132
2014-01-03,6.07156
2014-01-06,5.98273
2014-01-07,6.02779
2014-01-08,6.05664
2014-01-09,6.05992
2014-01-10,6.04132
2014-01-13,6.11016
2014-01-14,6.04649
2014-01-15,6.09165
2014-01-16,6.04818
2014-01-17,5.97089
2014-01-21,6.14537
2014-01-22,6.17233
2014-01-23,6.02779
2014-01-24,5.68401
2014-01-27,5.59846
2014-01-28,5.66044
2014-01-29,5.37017
2014-01-30,5.46079
2014-01-31,5.39862
2014-02-03,5.19898
2014-02-04,5.4777
2014-02-05,5.29965
2014-02-06,5.37017
2014-02-07,5.38688
2014-02-10,5.42051
2014-02-11,5.56494
2014-02-12,5.65387
2014-02-13,5.58991
2014-02-14,5.62343
2014-02-18,5.77294
2014-02-19,5.67217
2014-02-20,5.73106
2014-02-21,5.77294
2014-02-24,5.81482
2014-02-25,5.82506
2014-02-26,5.81999
2014-02-27,5.91559
2014-02-28,5.9877
2014-03-03,5.94075
2014-03-04,6.14199
2014-03-05,6.34014
2014-03-06,6.55162
2014-03-07,6.7631
2014-03-10,6.92415
2014-03-11,6.87202
2014-03-12,6.9712
2014-03-13,6.77653
2014-03-14,6.79324
2014-03-17,6.92246
2014-03-18,6.96095
2014-03-19,7.11056
2014-03-20,7.01974
2014-03-21,6.97945
2014-03-24,7.14926
2014-03-25,7.24117
2014-03-26,7.33199
2014-03-27,7.37725
2014-03-28,7.34701
2014-03-31,7.35029
2014-04-01,7.42917
2014-04-02,7.43773
2014-04-03,7.16915
2014-04-04,7.22794
2014-04-07,7.16736
2014-04-08,7.29339
2014-04-09,7.51482
2014-04-10,7.22953
2014-04-11,7.16239
2014-04-14,7.26315
2014-04-15,7.16069
2014-04-16,7.25311
2014-04-17,7.47115
2014-04-21,7.4427
2014-04-22,7.34701
2014-04-23,7.39744
2014-04-24,7.37068
2014-04-25,7.20586
2014-04-28,7.27996
2014-04-29,7.28315
2014-04-30,7.16069
2014-05-01,7.17761
2014-05-02,7.16736
2014-05-05,7.42748
2014-05-06,7.38222
2014-05-07,7.35208
2014-05-08,7.48468
2014-05-09,8.13941
2014-05-12,8.3305
2014-05-13,8.06531
2014-05-14,8.04521
2014-05-15,7.78171
2014-05-16,8.55959
2014-05-19,8.55521
2014-05-20,8.4812
2014-05-21,8.51781
2014-05-22,8.75297
2014-05-23,8.63618
2014-05-27,8.5195
2014-05-28,8.52308
2014-05-29,8.5195
2014-05-30,8.33498
2014-06-02,8.64076
2014-06-03,8.56138
2014-06-04,8.50876
2014-06-05,8.56138
2014-06-06,8.69855
2014-06-09,8.76719
2014-06-10,8.71815
2014-06-11,8.71367
2014-06-12,8.7468
2014-06-13,8.41665
2014-06-16,8.2177
2014-06-17,8.28136
2014-06-18,8.35756
2014-06-19,8.32026
2014-06-20,8.21949
2014-06-23,8.37566
2014-06-24,8.32026
2014-06-25,8.2177
2014-06-26,8.16408
2014-06-27,8.18617
2014-06-30,8.37387
2014-07-01,8.51781
2014-07-02,8.54626
2014-07-03,8.65857
2014-07-07,8.48479
2014-07-08,8.37218
2014-07-09,8.2934
2014-07-10,8.16249
2014-07-11,8.01408
2014-07-14,8.03795
2014-07-15,8.33229
2014-07-16,8.58018
2014-07-17,8.38442
2014-07-18,8.68891
2014-07-21,8.614
2014-07-22,8.81534
2014-07-23,8.65668
2014-07-24,8.76719
2014-07-25,8.62912
2014-07-28,8.48658
2014-07-29,8.45713
2014-07-30,8.64961
2014-07-31,8.52487
2014-08-01,8.68891
2014-08-04,8.6701
2014-08-05,8.54099
2014-08-06,8.45196
2014-08-07,8.36522
2014-08-08,8.40232
2014-08-11,8.483
2014-08-12,8.45534
2014-08-13,8.51602
2014-08-14,8.89641
2014-08-15,8.85711
2014-08-18,9.13067
2014-08-19,9.12709
2014-08-20,9.18846
2014-08-21,9.10928
2014-08-22,9.05228
2014-08-25,8.916
2014-08-26,9.02115
2014-08-27,9.08789
2014-08-28,9.04243
2014-08-29,9.11813
2014-09-02,9.29191
2014-09-03,9.36761
2014-09-04,9.33429
2014-09-05,9.32743
2014-09-08,9.26237
2014-09-09,9.12898
2014-09-10,9.17712
2014-09-11,9.10928
2014-09-12,9.0861
2014-09-15,9.02473
2014-09-16,8.97032
2014-09-17,8.95947
2014-09-18,9.26605
2014-09-19,9.08968
2014-09-22,9.07536
2014-09-23,8.94276
2014-09-24,8.9356
2014-09-25,8.47235
2014-09-26,8.57302
2014-09-29,8.35845
2014-09-30,8.3686
2014-10-01,8.14359
2014-10-02,8.18109
2014-10-03,8.30026
2014-10-06,8.38511
2014-10-07,8.32971
2014-10-08,8.55521
2014-10-09,8.51244
2014-10-10,8.37387
2014-10-13,8.50697
2014-10-14,8.6701
2014-10-15,8.65498
2014-10-16,8.614
2014-10-17,8.89004
2014-10-20,9.03179
2014-10-21,9.20368
2014-10-22,9.21174
2014-10-23,9.28027
2014-10-24,9.29102
2014-10-27,9.36264
2014-10-28,9.54647
2014-10-29,9.37438
2014-10-30,9.37537
2014-10-31,9.60615
2014-11-03,9.60615
2014-11-04,9.77128
2014-11-05,10.012
2014-11-06,10.0269
2014-11-07,9.88766
2014-11-10,9.88368
2014-11-11,10.0339
2014-11-12,10.1612
2014-11-13,10.0478
2014-11-14,9.87274
2014-11-17,9.90556
2014-11-18,9.96823
2014-11-19,9.98514
2014-11-20,9.99808
2014-11-21,10.2249
2014-11-24,10.2428
2014-11-25,9.8429
2014-11-26,9.81604
2014-11-28,10.0359
2014-12-01,9.92148
2014-12-02,10.0607
2014-12-03,10.382
2014-12-04,10.3621
2014-12-05,10.4397
2014-12-08,10.3612
2014-12-09,10.3293
2014-12-10,10.0806
2014-12-11,10.0647
2014-12-12,9.86876
2014-12-15,9.6539
2014-12-16,9.37438
2014-12-17,9.58725
2014-12-18,9.94635
2014-12-19,9.85185
2014-12-22,9.90358
2014-12-23,9.8608
2014-12-24,9.92944
2014-12-26,9.75735
2014-12-29,9.78321
2014-12-30,9.89462
2014-12-31,9.8429
2015-01-02,10.3214
2015-01-05,10.1244
2015-01-06,9.54448
2015-01-07,9.75735
2015-01-08,9.87672
2015-01-09,9.8429
2015-01-12,9.88567
2015-01-13,9.73248
2015-01-14,9.55243
2015-01-15,10.2259
2015-01-16,10.3363
2015-01-20,10.4477
2015-01-21,10.4905
2015-01-22,10.762
2015-01-23,10.8227
2015-01-26,10.9759
2015-01-27,11.0624
2015-01-28,10.8913
2015-01-29,10.8048
2015-01-30,10.2348
2015-02-02,10.1334
2015-02-03,9.85185
2015-02-04,9.68075
2015-02-05,9.68075
2015-02-06,9.35776
2015-02-09,9.25541
2015-02-10,9.54448
2015-02-11,9.64594
2015-02-12,9.92148
2015-02-13,9.96923
2015-02-17,9.90358
2015-02-18,9.85185
2015-02-19,9.56139
2015-02-20,9.53652
2015-02-23,9.35776
2015-02-24,9.35776
2015-02-25,9.37438
2015-02-26,9.47783
2015-02-27,9.92944
2015-03-02,10.0299
2015-03-03,9.95331
2015-03-04,9.8429
2015-03-05,9.87672
2015-03-06,9.7484
2015-03-09,9.426
2015-03-10,9.29728
2015-03-11,9.5017
2015-03-12,9.70562
2015-03-13,9.34891
2015-03-16,9.29728
2015-03-17,9.35776
2015-03-18,9.51961
2015-03-19,9.19473
2015-03-20,9.17891
2015-03-23,8.77704
2015-03-24,8.72631
2015-03-25,8.57302
2015-03-26,8.70124
2015-03-27,8.66642
2015-03-30,8.76898
2015-03-31,8.82876
2015-04-01,9.05049
2015-04-02,9.10928
2015-04-06,9.04243
2015-04-07,8.88825
2015-04-08,9.01667
2015-04-09,8.87134
2015-04-10,8.94803
2015-04-13,8.93908
2015-04-14,8.87134
2015-04-15,8.89641
2015-04-16,8.88825
2015-04-17,8.75207
2015-04-20,8.66642
2015-04-21,8.67538
2015-04-22,8.77704
2015-04-23,8.76898
2015-04-24,8.65857
2015-04-27,8.68343
2015-04-28,9.31469
2015-04-29,9.32255
2015-04-30,9.31469
2015-05-01,9.22059
2015-05-04,9.2375
2015-05-05,9.09326
2015-05-06,8.8037
2015-05-07,8.78589
2015-05-08,9.13594
2015-05-11,9.18667
2015-05-12,8.88825
2015-05-13,8.99867
2015-05-14,8.98195
2015-05-15,8.95689
2015-05-18,8.77704
2015-05-19,8.96494
2015-05-20,9.05954
2015-05-21,8.93202
2015-05-22,8.91421
2015-05-26,8.79484
2015-05-27,8.85353
2015-05-28,8.98195
2015-05-29,8.99867
2015-06-01,8.99867
2015-06-02,8.6327
2015-06-03,8.34453
2015-06-04,8.32722
2015-06-05,8.26664
2015-06-08,8.10211
2015-06-09,8.11077
2015-06-10,8.45713
2015-06-11,8.37924
2015-06-12,8.483
2015-06-15,8.36184
2015-06-16,8.55253
2015-06-17,8.76809
2015-06-18,8.90705
2015-06-19,8.8982
2015-06-22,8.99349
2015-06-23,8.99349
2015-06-24,9.06302
2015-06-25,9.1057
2015-06-26,9.0113
2015-06-29,8.82061
2015-06-30,9.02025
2015-07-01,8.97648
2015-07-02,9.00235
2015-07-06,9.00235
2015-07-07,8.98464
2015-07-08,8.68254
2015-07-09,8.78589
2015-07-10,9.06302
2015-07-13,9.06302
2015-07-14,8.94187
2015-07-15,8.90705
2015-07-16,9.0113
2015-07-17,9.05497
2015-07-20,8.95062
2015-07-21,8.76809
2015-07-22,8.86348
2015-07-23,8.72531
2015-07-24,8.42271
2015-07-27,8.27529
2015-07-28,8.19731
2015-07-29,8.09336
2015-07-30,8.30991
2015-07-31,8.71726
2015-08-03,8.98464
2015-08-04,8.95062
2015-08-05,8.92476
2015-08-06,8.84647
2015-08-07,8.77704
2015-08-10,8.8037
2015-08-11,8.56954
2015-08-12,8.46618
2015-08-13,8.37049
2015-08-14,8.44838
2015-08-17,8.483
2015-08-18,8.51692
2015-08-19,8.42271
2015-08-20,8.11952
2015-08-21,7.86845
2015-08-24,7.36631
2015-08-25,7.51363
2015-08-26,7.53084
2015-08-27,7.66075
2015-08-28,7.67806
2015-08-31,7.54814
2015-09-01,7.36631
2015-09-02,7.40968
2015-09-03,7.35765
2015-09-04,7.1414
2015-09-08,7.28842
2015-09-09,7.26246
2015-09-10,7.22794
2015-09-11,7.16716
2015-09-14,7.27111
2015-09-15,7.33179
2015-09-16,7.52218
2015-09-17,7.62603
2015-09-18,7.47891
2015-09-21,7.49622
2015-09-22,7.27111
2015-09-23,7.26246
2015-09-24,7.29717
2015-09-25,7.33179
2015-09-28,7.08937
2015-09-29,7.18467
2015-09-30,7.2538
2015-10-01,7.41823
2015-10-02,7.61738
2015-10-05,7.89451
2015-10-06,7.6694
2015-10-07,7.80787
2015-10-08,7.78181
2015-10-09,7.91172
2015-10-12,7.84249
2015-10-13,7.68661
2015-10-14,7.66075
2015-10-15,7.85114
2015-10-16,7.9724
2015-10-19,7.83373
2015-10-20,7.85989
2015-10-21,7.73864
2015-10-22,7.78181
2015-10-23,7.90307
2015-10-26,7.85114
2015-10-27,7.74729
2015-10-28,7.56545
2015-10-29,7.49622
2015-10-30,7.4616
2015-11-02,7.56545
2015-11-03,7.42699
2015-11-04,7.3492
2015-11-05,7.1414
2015-11-06,7.08937
2015-11-09,6.97687
2015-11-10,6.86426
2015-11-11,6.9335
2015-11-12,6.82099
2015-11-13,6.76051
2015-11-16,6.97687
2015-11-17,7.03755
2015-11-18,6.92494
2015-11-19,6.98552
2015-11-20,6.99418
2015-11-23,6.94215
2015-11-24,7.09793
2015-11-25,6.99418
2015-11-27,7.05466
2015-11-30,7.19322
2015-12-01,7.24515
2015-12-02,7.02014
2015-12-03,6.90753
2015-12-04,6.9335
2015-12-07,6.84696
2015-12-08,6.76907
2015-12-09,6.73445
2015-12-10,6.8382
2015-12-11,6.31895
2015-12-14,6.24982
2015-12-15,6.29309
2015-12-16,6.44021
2015-12-17,6.44021
2015-12-18,6.45752
2015-12-21,6.60464
2015-12-22,6.69118
2015-12-23,6.80368
2015-12-24,6.8382
2015-12-28,6.86426
2015-12-29,6.82975
2015-12-30,6.73445
2015-12-31,6.77782
2016-01-04,6.61329
2016-01-05,6.56127
2016-01-06,6.35357
2016-01-07,6.15452
2016-01-08,6.17183
2016-01-11,6.14577
2016-01-12,6.04192
2016-01-13,6.03336
2016-01-14,6.02471
2016-01-15,5.60921
2016-01-19,5.72181
2016-01-20,5.67844
2016-01-21,5.86018
2016-01-22,5.97268
2016-01-25,5.99009
2016-01-26,6.11115
2016-01-27,6.07663
2016-01-28,5.66113
2016-01-29,5.75643
2016-02-01,5.55728
2016-02-02,5.21102
2016-02-03,5.1763
2016-02-04,5.2888
2016-02-05,5.28025
2016-02-08,5.10707
2016-02-09,5.08976
2016-02-10,5.06379
2016-02-11,4.79551
2016-02-12,4.72618
2016-02-16,4.84744
2016-02-17,4.77821
2016-02-18,4.84744
2016-02-19,4.89071
2016-02-22,4.95129
2016-02-23,4.70887
2016-02-24,4.72618
2016-02-25,4.48396
2016-02-26,4.59637
2016-02-29,4.90802
2016-03-01,5.29756
2016-03-02,5.47064
2016-03-03,5.73037
2016-03-04,5.63517
2016-03-07,5.69565
2016-03-08,5.39275
2016-03-09,5.55728
2016-03-10,5.42737
2016-03-11,5.67844
2016-03-14,5.76498
2016-03-15,5.60045
2016-03-16,5.79095
2016-03-17,5.85152
2016-03-18,6.01595
2016-03-21,6.05932
2016-03-22,5.98144
2016-03-23,5.95528
2016-03-24,5.94672
2016-03-28,5.75643
2016-03-29,5.92086
2016-03-30,6.14577
2016-03-31,6.19779
2016-04-01,6.19779
2016-04-04,6.1199
2016-04-05,5.8949
2016-04-06,5.86018
2016-04-07,5.7044
2016-04-08,5.79095
2016-04-11,5.80815
2016-04-12,6.13721
2016-04-13,6.4228
2016-04-14,6.35357
2016-04-15,6.40549
2016-04-18,6.28443
2016-04-19,6.36232
2016-04-20,6.37078
2016-04-21,6.79503
2016-04-22,6.73445
2016-04-25,6.57002
2016-04-26,6.57002
2016-04-27,6.47483
2016-04-28,6.35357
2016-04-29,6.1027
2016-05-02,5.86893
2016-05-03,5.60045
2016-05-04,5.52267
2016-05-05,5.61776
2016-05-06,5.73902
2016-05-09,5.82566
2016-05-10,5.97268
2016-05-11,6.09394
2016-05-12,6.05067
2016-05-13,5.83422
2016-05-16,5.9122
2016-05-17,5.86893
2016-05-18,5.94672
2016-05-19,5.73037
2016-05-20,5.75643
2016-05-23,5.79095
2016-05-24,5.82566
2016-05-25,6.11115
2016-05-26,6.14577
2016-05-27,6.2151
2016-05-31,6.22375
2016-06-01,6.15452
2016-06-02,6.20645
2016-06-03,6.24982
2016-06-06,6.30154
2016-06-07,6.63926
2016-06-08,6.75176
2016-06-09,6.62205
2016-06-10,6.38828
2016-06-13,6.27568
2016-06-14,6.22137
2016-06-15,6.42459
2016-06-16,6.30085
2016-06-17,6.35397
2016-06-20,6.3098
2016-06-21,6.29219
2016-06-22,6.27439
2016-06-23,6.52188
2016-06-24,6.05356
2016-06-27,5.87679
2016-06-28,6.09772
2016-06-29,6.27439
2016-06-30,6.34511
2016-07-01,6.38928
2016-07-05,6.40689
2016-07-06,6.36292
2016-07-07,6.38928
2016-07-08,6.53948
2016-07-11,6.69854
2016-07-12,7.02561
2016-07-13,6.96364
2016-07-14,7.05197
2016-07-15,6.98134
2016-07-18,7.02561
2016-07-19,6.98134
2016-07-20,6.98134
2016-07-21,6.92832
2016-07-22,6.91062
2016-07-25,6.94603
2016-07-26,6.91957
2016-07-27,7.05197
2016-07-28,7.07863
2016-07-29,6.69854
2016-08-01,6.48646
2016-08-02,6.37157
2016-08-03,6.45115
2016-08-04,6.42459
2016-08-05,6.46886
2016-08-08,6.42459
2016-08-09,6.43354
2016-08-10,6.33626
2016-08-11,6.38928
2016-08-12,6.35397
2016-08-15,6.47771
2016-08-16,6.45115
2016-08-17,6.4422
2016-08-18,6.61906
2016-08-19,6.61906
2016-08-22,6.51302
2016-08-23,6.53948
2016-08-24,6.42459
2016-08-25,6.50427
2016-08-26,6.49522
2016-08-29,6.65438
2016-08-30,6.77822
2016-08-31,6.77822
2016-09-01,6.96364
2016-09-02,6.96364
2016-09-06,7.2729
2016-09-07,7.39665
2016-09-08,7.29966
2016-09-09,7.17581
2016-09-12,7.11414
2016-09-13,6.97249
2016-09-14,7.11414
2016-09-15,7.08738
2016-09-16,6.95488
2016-09-19,7.06988
2016-09-20,7.10519
2016-09-21,7.16686
2016-09-22,7.24654
2016-09-23,7.04322
2016-09-26,6.90186
2016-09-27,6.90186
2016-09-28,6.95488
2016-09-29,6.54844
2016-09-30,6.60146
2016-10-03,6.71625
2016-10-04,6.79583
2016-10-05,6.80468
2016-10-06,6.58365
2016-10-07,6.62792
2016-10-10,6.62792
2016-10-11,6.5749
2016-10-12,6.51302
2016-10-13,6.31865
2016-10-14,6.42459
2016-10-17,6.73395
2016-10-18,7.16686
2016-10-19,7.05197
2016-10-20,7.28195
2016-10-21,7.33487
2016-10-24,7.6883
2016-10-25,7.54695
2016-10-26,7.42321
2016-10-27,7.44091
2016-10-28,7.37904
2016-10-31,7.32602
2016-11-01,7.34363
2016-11-02,7.20227
2016-11-03,7.19352
2016-11-04,7.14935
2016-11-07,7.61768
2016-11-08,7.24654
2016-11-09,7.58246
2016-11-10,7.5382
2016-11-11,7.28195
2016-11-14,7.10519
2016-11-15,7.20227
2016-11-16,6.81353
2016-11-17,6.91062
2016-11-18,6.8576
2016-11-21,6.83999
2016-11-22,6.87531
2016-11-23,6.83124
2016-11-25,6.83124
2016-11-28,6.5926
2016-11-29,6.65438
2016-11-30,6.92832
2016-12-01,6.69854
2016-12-02,6.78697
2016-12-05,6.78697
2016-12-06,6.93718
2016-12-07,6.83999
2016-12-08,6.97249
2016-12-09,7.05197
2016-12-12,6.94603
2016-12-13,6.93718
2016-12-14,6.83124
2016-12-15,6.76927
2016-12-16,6.62792
2016-12-19,6.62792
2016-12-20,6.61021
2016-12-21,6.61906
2016-12-22,6.58365
2016-12-23,6.60146
2016-12-27,6.62792
2016-12-28,6.55719
2016-12-29,6.53948
2016-12-30,6.61906
2017-01-03,6.62792
2017-01-04,6.58365
2017-01-05,6.76927
2017-01-06,6.66323
2017-01-09,6.73395
2017-01-10,6.83124
2017-01-11,6.98134
2017-01-12,7.02561
2017-01-13,6.94603
2017-01-17,6.87531
2017-01-18,7.0078
2017-01-19,6.86645
2017-01-20,6.76927
2017-01-23,6.68979
2017-01-24,6.7252
2017-01-25,6.91062
2017-01-26,6.93718
2017-01-27,7.15811
2017-01-30,6.97249
2017-01-31,6.84885
2017-02-01,7.32602
2017-02-02,7.44091
2017-02-03,7.52934
2017-02-06,7.63538
2017-02-07,7.56466
2017-02-08,7.49393
2017-02-09,7.57341
2017-02-10,7.51164
2017-02-13,7.46737
2017-02-14,7.45862
2017-02-15,7.36123
2017-02-16,7.39665
2017-02-17,7.44091
2017-02-21,7.48508
2017-02-22,7.4056
2017-02-23,7.48508
2017-02-24,7.47622
2017-02-27,7.33487
2017-02-28,7.24654
2017-03-01,7.48508
2017-03-02,7.34363
2017-03-03,7.37029
2017-03-06,7.28195
2017-03-07,7.2729
2017-03-08,7.2729
2017-03-09,7.29966
2017-03-10,7.20227
2017-03-13,7.62653
2017-03-14,7.65309
2017-03-15,7.70601
2017-03-16,7.75903
2017-03-17,7.44976
2017-03-20,7.46737
2017-03-21,7.22893
2017-03-22,7.21998
2017-03-23,7.34363
2017-03-24,7.42321
2017-03-27,7.54695
2017-03-28,7.60882
2017-03-29,7.63538
2017-03-30,7.67965
2017-03-31,7.60007
2017-04-03,7.71496
2017-04-04,7.69725
2017-04-05,7.63538
2017-04-06,7.60882
2017-04-07,7.63538
2017-04-10,7.61768
2017-04-11,7.74132
2017-04-12,7.67965
2017-04-13,7.64414
2017-04-17,7.77673
2017-04-18,7.69725
2017-04-19,7.50278
2017-04-20,7.34363
2017-04-21,7.29071
2017-04-24,7.39665
2017-04-25,7.5382
2017-04-26,7.54695
2017-04-27,7.46737
2017-04-28,7.57341
2017-05-01,7.57341
2017-05-02,7.49393
2017-05-03,7.8209
2017-05-04,8.15682
2017-05-05,8.31578
2017-05-08,8.37765
2017-05-09,8.24505
2017-05-10,8.22745
2017-05-11,8.26276
2017-05-12,8.20099
2017-05-15,8.35119
2017-05-16,8.51871
2017-05-17,8.39536
2017-05-18,8.30703
2017-05-19,8.5018
2017-05-22,8.3687
2017-05-23,8.28922
2017-05-24,8.28922
2017-05-25,8.55432
2017-05-26,8.59003
2017-05-30,8.61669
2017-05-31,8.7663
2017-06-01,8.6514
2017-06-02,8.66036
2017-06-05,8.6514
2017-06-06,8.7663
2017-06-07,8.9169
2017-06-08,8.73954
2017-06-09,8.72263
2017-06-12,8.53651
2017-06-13,8.6514
2017-06-14,8.73954
2017-06-15,8.64245
2017-06-16,8.6336
2017-06-19,8.73068
2017-06-20,8.78947
2017-06-21,8.73068
2017-06-22,8.69149
2017-06-23,8.85801
2017-06-26,8.8973
2017-06-27,8.82876
2017-06-28,8.87761
2017-06-29,8.71119
2017-06-30,8.78947
2017-07-03,8.78947
2017-07-05,8.88735
2017-07-06,8.78947
2017-07-07,8.76978
2017-07-10,8.80897
2017-07-11,8.72084
2017-07-12,8.90705
2017-07-13,9.02473
2017-07-14,9.13246
2017-07-17,9.14231
2017-07-18,9.13246
2017-07-19,9.11266
2017-07-20,9.08342
2017-07-21,9.08342
2017-07-24,9.27938
2017-07-25,9.34792
2017-07-26,9.52458
2017-07-27,9.28923
2017-07-28,9.08342
2017-07-31,9.12261
2017-08-01,9.20099
2017-08-02,9.25978
2017-08-03,9.06392
2017-08-04,9.05407
2017-08-07,9.12261
2017-08-08,8.98554
2017-08-09,8.85801
2017-08-10,8.61311
2017-08-11,8.72084
2017-08-14,8.76978
2017-08-15,8.84826
2017-08-16,9.07357
2017-08-17,8.82876
2017-08-18,8.85801
2017-08-21,9.03438
2017-08-22,9.02473
2017-08-23,9.15195
2017-08-24,9.20099
2017-08-25,9.25013
2017-08-28,9.19115
2017-08-29,9.20099
2017-08-30,9.1816
2017-08-31,9.1816
2017-09-01,9.21084
2017-09-05,9.00503
2017-09-06,9.00503
2017-09-07,9.00503
2017-09-08,8.9169
2017-09-11,8.93649
2017-09-12,8.93649
2017-09-13,8.94634
2017-09-14,8.95599
2017-09-15,8.97559
2017-09-18,8.9169
2017-09-19,8.80897
2017-09-20,8.75028
2017-09-21,8.66205
2017-09-22,8.57381
2017-09-25,8.39755
2017-09-26,8.45624
2017-09-27,8.28972
2017-09-28,8.33866
2017-09-29,8.3877
2017-10-02,8.39755
2017-10-03,8.33866
2017-10-04,8.27997
2017-10-05,8.26037
2017-10-06,8.29947
2017-10-09,8.21123
2017-10-10,8.21123
2017-10-11,8.09366
2017-10-12,8.1232
2017-10-13,8.39755
2017-10-16,8.33866
2017-10-17,8.15254
2017-10-18,7.78012
2017-10-19,7.84875
2017-10-20,7.75087
2017-10-23,7.80956
2017-10-24,8.44649
2017-10-25,8.92655
2017-10-26,8.64245
2017-10-27,8.62285
2017-10-30,8.85801
2017-10-31,8.96584
2017-11-01,9.31867
2017-11-02,9.43695
2017-11-03,9.36761
2017-11-06,9.50469
2017-11-07,9.19115
2017-11-08,9.15195
2017-11-09,9.25013
2017-11-10,9.41685
2017-11-13,9.26953
2017-11-14,9.33817
2017-11-15,9.37726
2017-11-16,9.52458
2017-11-17,9.6907
2017-11-20,9.427
2017-11-21,9.53453
2017-11-22,9.55343
2017-11-24,9.59222
2017-11-27,9.48579
2017-11-28,9.44679
2017-11-29,9.50469
2017-11-30,9.34792
2017-12-01,9.19115
2017-12-04,9.1618
2017-12-05,9.25013
2017-12-06,9.14231
2017-12-07,9.31867
2017-12-08,9.43695
2017-12-11,9.51463
2017-12-12,9.4071
2017-12-13,9.24019
2017-12-14,9.36761
2017-12-15,9.28923
2017-12-18,9.38721
2017-12-19,9.52458
2017-12-20,9.54448
2017-12-21,9.58228
2017-12-22,9.59222
2017-12-26,9.61212
2017-12-27,9.44679
2017-12-28,9.55343
2017-12-29,9.53453
2018-01-02,9.67081
2018-01-03,9.65091
2018-01-04,9.62207
2018-01-05,9.64196
2018-01-08,9.65091
2018-01-09,9.62207
2018-01-10,9.51463
2018-01-11,9.56338
2018-01-12,9.77923
2018-01-16,10.2995
2018-01-17,10.7004
2018-01-18,10.4646
2018-01-19,10.7093
2018-01-22,10.7382
2018-01-23,10.8665
2018-01-24,10.768
2018-01-25,10.8864
2018-01-26,10.9948
2018-01-29,10.8665
2018-01-30,10.6526
2018-01-31,10.7581
2018-02-01,10.5631
2018-02-02,10.0926
2018-02-05,9.86776
2018-02-06,10.3363
2018-02-07,10.1324
2018-02-08,9.81803
2018-02-09,9.92745
2018-02-12,10.003
2018-02-13,9.9742
2018-02-14,9.9931
2018-02-15,10.201
2018-02-16,9.94635
2018-02-20,9.73049
2018-02-21,9.65091
2018-02-22,9.65091
2018-02-23,9.82798
2018-02-26,9.85782
2018-02-27,9.62207
2018-02-28,9.30872
2018-03-01,9.20099
2018-03-02,9.24019
2018-03-05,9.25978
2018-03-06,9.03438
2018-03-07,8.90705
2018-03-08,9.01488
2018-03-09,9.02473
2018-03-12,9.15195
2018-03-13,9.19115
2018-03-14,9.21084
2018-03-15,9.20099
2018-03-16,9.02473
2018-03-19,8.85801
2018-03-20,8.90705
2018-03-21,8.79932
2018-03-22,8.53472
2018-03-23,8.37795
2018-03-26,8.49553
2018-03-27,8.52487
2018-03-28,8.53472
2018-03-29,8.6719
2018-04-02,8.02512
2018-04-03,8.09366
2018-04-04,8.15254
2018-04-05,8.37795
2018-04-06,8.25043
2018-04-09,8.37795
2018-04-10,8.59351
2018-04-11,8.56407
2018-04-12,8.6719
2018-04-13,8.57381
2018-04-16,8.53472
2018-04-17,8.66205
2018-04-18,8.61311
2018-04-19,8.57381
2018-04-20,8.28972
2018-04-23,8.21123
2018-04-24,8.30941
2018-04-25,8.1427
2018-04-26,8.16239
2018-04-27,8.4073
2018-04-30,8.33866
2018-05-01,8.27012
2018-05-02,8.19174
2018-05-03,8.19174
2018-05-04,8.29947
2018-05-07,8.6523
2018-05-08,8.81882
2018-05-09,8.85801
2018-05-10,8.8973
2018-05-11,8.95599
2018-05-14,8.98554
2018-05-15,8.71119
2018-05-16,8.58366
2018-05-17,8.49553
2018-05-18,8.27997
2018-05-21,8.31906
2018-05-22,8.31906
2018-05-23,8.42699
2018-05-24,8.44649
2018-05-25,8.43664
2018-05-29,8.23093
2018-05-30,8.35835
2018-05-31,8.22108
2018-06-01,8.368
2018-06-04,8.23093
2018-06-05,8.34851
2018-06-06,8.52487
2018-06-07,8.50528
2018-06-08,8.37795
2018-06-11,8.37795
2018-06-12,8.3877
2018-06-13,8.34851
2018-06-14,8.22108
2018-06-15,8.11335
2018-06-18,8.50528
2018-06-19,8.43664
2018-06-20,8.53472
2018-06-21,8.59351
2018-06-22,8.6523
2018-06-25,8.27997
2018-06-26,8.27012
2018-06-27,7.91729
2018-06-28,7.72143
2018-06-29,7.86835
2018-07-02,7.89769
2018-07-03,7.84875
2018-07-05,7.80956
2018-07-06,7.84875
2018-07-09,7.88804
2018-07-10,7.8782
2018-07-11,7.77047
2018-07-12,7.91729
2018-07-13,7.74092
2018-07-16,7.56466
2018-07-17,7.71158
2018-07-18,7.65289
2018-07-19,7.5744
2018-07-20,7.73117
2018-07-23,7.89332
2018-07-24,7.9722
2018-07-25,7.94256
2018-07-26,8.22834
2018-07-27,8.59301
2018-07-30,8.68164
2018-07-31,8.70134
2018-08-01,8.64225
2018-08-02,8.64225
2018-08-03,8.80967
2018-08-06,8.95748
2018-08-07,8.96743
2018-08-08,9.15464
2018-08-09,9.62704
2018-08-10,9.37139
2018-08-13,9.21383
2018-08-14,9.32225
2018-08-15,9.27291
2018-08-16,9.40104
2018-08-17,9.60714
2018-08-20,9.5773
2018-08-21,9.48081
2018-08-22,9.49076
2018-08-23,9.38124
2018-08-24,9.3516
2018-08-27,9.63798
2018-08-28,9.48081
2018-08-29,9.5594
2018-08-30,9.53055
2018-08-31,9.53055
2018-09-04,9.04482
2018-09-05,9.10421
2018-09-06,9.03487
2018-09-07,9.1438
2018-09-10,9.02513
2018-09-11,8.90635
2018-09-12,8.92605
2018-09-13,9.06472
2018-09-14,9.16359
2018-09-17,8.90635
2018-09-18,8.68861
2018-09-19,8.9162
2018-09-20,9.01518
2018-09-21,8.66881
2018-09-24,8.44122
2018-09-25,8.60943
2018-09-26,8.66881
2018-09-27,8.51045
2018-09-28,8.40163
2018-10-01,8.49065
2018-10-02,8.38183
2018-10-03,8.17393
2018-10-04,8.26306
2018-10-05,8.1047
2018-10-08,8.23342
2018-10-09,8.11465
2018-10-10,8.30265
2018-10-11,8.20377
2018-10-12,8.34224
2018-10-15,8.42142
2018-10-16,8.66881
2018-10-17,8.47086
2018-10-18,8.25311
2018-10-19,8.43127
2018-10-22,8.62922
2018-10-23,8.7282
2018-10-24,8.46101
2018-10-25,8.66881
2018-10-26,9.08441
2018-10-29,9.21313
2018-10-30,9.20318
2018-10-31,9.39119
2018-11-01,9.63798
2018-11-02,9.49076
2018-11-05,9.42083
2018-11-06,9.51066
2018-11-07,9.63798
2018-11-08,9.5405
2018-11-09,9.55044
2018-11-12,9.29231
2018-11-13,9.69767
2018-11-14,9.98415
2018-11-15,10.1135
2018-11-16,10.0538
2018-11-19,9.95431
2018-11-20,9.72751
2018-11-21,9.90656
2018-11-23,9.72751
2018-11-26,9.78719
2018-11-27,9.83693
2018-11-28,10.1035
2018-11-29,10.2328
2018-11-30,10.0637
2018-12-03,10.0239
2018-12-04,9.89661
2018-12-06,9.83693
2018-12-07,9.71756
2018-12-10,9.16359
2018-12-11,9.18329
2018-12-12,9.55044
2018-12-13,9.67777
2018-12-14,9.70761
2018-12-17,9.7474
2018-12-18,10.1433
2018-12-19,10.1135
2018-12-20,10.1035
2018-12-21,9.82698
2018-12-24,9.87672
2018-12-26,10.1433
2018-12-27,10.0637
2018-12-28,10.2328
2018-12-31,10.1831
2019-01-02,10.3502
2019-01-03,10.0438
2019-01-04,10.39
2019-01-07,10.3403
2019-01-08,10.6486
2019-01-09,10.6685
2019-01-10,10.6586
2019-01-11,10.5591
2019-01-14,10.3224
2019-01-15,10.3502
2019-01-16,10.4596
2019-01-17,10.4298
2019-01-18,10.3502
2019-01-22,10.2229
2019-01-23,10.203
2019-01-24,10.1831
2019-01-25,9.84688
2019-01-28,9.45097
2019-01-29,9.59819
2019-01-30,10.4795
2019-01-31,10.1035
2019-02-01,9.77724
2019-02-04,9.79714
2019-02-05,9.72751
2019-02-06,9.89661
2019-02-07,9.83693
2019-02-08,9.68772
2019-02-11,9.5783
2019-02-12,9.56934
2019-02-13,9.40114
2019-02-14,9.5405
2019-02-15,9.43098
2019-02-19,9.51066
2019-02-20,9.56934
2019-02-21,9.71756
2019-02-22,9.80709
2019-02-25,9.86677
2019-02-26,9.69767
2019-02-27,9.5783
2019-02-28,9.75735
2019-03-01,9.82698
2019-03-04,9.80709
2019-03-05,10.2428
2019-03-06,10.39
2019-03-07,10.3124
2019-03-08,10.3801
2019-03-11,10.6984
2019-03-12,10.9849
2019-03-13,11.0346
2019-03-14,10.9849
2019-03-15,11.1918
2019-03-18,11.341
2019-03-19,11.341
2019-03-20,11.2912
2019-03-21,11.2514
2019-03-22,10.965
2019-03-25,10.8655
2019-03-26,11.1221
2019-03-27,11.1321
2019-03-28,11.2912
2019-03-29,11.341
2019-04-01,11.341
2019-04-02,11.4205
2019-04-03,11.2614
2019-04-04,11.0346
2019-04-05,11.1321
2019-04-08,10.955
2019-04-09,11.1221
2019-04-10,11.1321
2019-04-11,11.0744
2019-04-12,11.1321
2019-04-15,11.152
2019-04-16,11.528
2019-04-17,11.5081
2019-04-18,11.4106
2019-04-22,11.142
2019-04-23,11.2315
2019-04-24,11.1818
2019-04-25,11.152
2019-04-26,11.4593
2019-04-29,11.4106
2019-04-30,11.331
2019-05-01,11.2813
2019-05-02,11.1719
2019-05-03,11.3211
2019-05-06,11.2017
2019-05-07,10.7959
2019-05-08,10.6685
2019-05-09,10.776
2019-05-10,10.7859
2019-05-13,10.5094
2019-05-14,10.6188
2019-05-15,10.5691
2019-05-16,10.7262
2019-05-17,10.8555
2019-05-20,11.518
2019-05-21,11.4205
2019-05-22,11.3609
2019-05-23,11.518
2019-05-24,12.2899
2019-05-28,12.0234
2019-05-29,11.6871
2019-05-30,11.9239
2019-05-31,11.8751
2019-06-03,11.8264
2019-06-04,11.7866
2019-06-05,11.707
2019-06-06,11.7568
2019-06-07,11.8264
2019-06-10,11.7866
2019-06-11,11.9139
2019-06-12,11.7966
2019-06-13,11.8164
2019-06-14,11.7866
2019-06-17,11.6573
2019-06-18,11.8353
2019-06-19,11.8065
2019-06-20,12.2412
2019-06-21,12.1129
2019-06-24,12.1626
2019-06-25,12.281
2019-06-26,12.3795
2019-06-27,12.469
2019-06-28,12.459
2019-07-01,12.4988
2019-07-02,12.4392
2019-07-03,12.459
2019-07-05,12.4292
2019-07-08,12.2511
2019-07-09,12.2899
2019-07-10,12.3496
2019-07-11,12.2611
2019-07-12,12.1925
2019-07-15,12.1129
2019-07-16,12.1626
2019-07-17,12.1328
2019-07-18,11.9736
2019-07-19,11.6971
2019-07-22,11.6971
2019-07-23,11.6672
2019-07-24,11.6275
2019-07-25,11.6971
2019-07-26,11.7667
2019-07-29,12.4809
2019-07-30,12.084
2019-07-31,12.1139
2019-08-01,11.8264
2019-08-02,11.5976
2019-08-05,11.1211
2019-08-06,11.5081
2019-08-07,11.3997
2019-08-08,11.7269
2019-08-09,11.6374
2019-08-12,11.5429
2019-08-13,11.4683
2019-08-14,11.3101
2019-08-15,11.4096
2019-08-16,11.5976
2019-08-19,11.528
2019-08-20,11.4494
2019-08-21,11.3698
2019-08-22,10.5959
2019-08-23,11.0813
2019-08-26,11.2007
2019-08-27,11.4295
2019-08-28,11.2007
2019-08-29,11.1311
2019-08-30,11.141
2019-09-03,10.6655
2019-09-04,10.7541
2019-09-05,10.576
2019-09-06,10.774
2019-09-09,10.8635
2019-09-10,10.7441
2019-09-11,11.0227
2019-09-12,11.2306
2019-09-13,11.3798
2019-09-16,11.0525
2019-09-17,11.0913
2019-09-18,10.8834
2019-09-19,10.6854
2019-09-20,11.7369
2019-09-23,12.4511
2019-09-24,12.282
2019-09-25,12.2422
2019-09-26,12.5207
2019-09-27,12.3715
2019-09-30,12.084
2019-10-01,11.8164
2019-10-02,11.7269
2019-10-03,11.8164
2019-10-04,11.5578
2019-10-07,11.6573
2019-10-08,11.5777
2019-10-09,11.895
2019-10-10,11.8065
2019-10-11,11.7667
2019-10-14,11.7667
2019-10-15,11.9547
2019-10-16,12.0442
2019-10-17,12.0343
2019-10-18,12.0741
2019-10-21,12.1139
2019-10-22,12.461
2019-10-23,12.6192
2019-10-24,12.6689
2019-10-25,12.9276
2019-10-28,13.026
2019-10-29,13.2051
2019-10-30,13.0658
2019-10-31,12.9276
2019-11-01,12.9863
2019-11-04,13.1255
2019-11-05,13.0062
2019-11-06,13.2946
2019-11-07,13.1753
2019-11-08,13.4727
2019-11-11,13.5622
2019-11-12,13.5025
2019-11-13,13.3434
2019-11-14,13.4826
2019-11-15,13.6318
2019-11-18,13.5224
2019-11-19,13.5125
2019-11-20,13.5821
2019-11-21,13.7204
2019-11-22,13.5722
2019-11-25,13.6915
2019-11-26,13.8596
2019-11-27,14.0586
2019-11-29,13.979
2019-12-02,13.9591
2019-12-03,13.8795
2019-12-04,14.6534
2019-12-05,14.6534
2019-12-06,14.5838
2019-12-09,14.6435
2019-12-10,14.8026
2019-12-11,14.8613
2019-12-12,14.9708
2019-12-13,15.0603
2019-12-16,15.0702
2019-12-17,15.1001
2019-12-18,14.9608
2019-12-19,14.9608
2019-12-20,15.1299
2019-12-23,14.9509
2019-12-24,15.0006
2019-12-26,14.9807
2019-12-27,15.1598
2019-12-30,15.0105
2019-12-31,14.9708
2020-01-02,15.11
2020-01-03,14.8026
2020-01-06,14.6037
2020-01-07,14.4644
2020-01-08,14.5937
2020-01-09,15.0205
2020-01-10,14.921
2020-01-13,14.9608
2020-01-14,14.921
2020-01-15,14.8613
2020-01-16,14.8514
2020-01-17,14.743
2020-01-21,14.5937
2020-01-22,14.4356
2020-01-23,14.5241
2020-01-24,14.544
2020-01-27,14.6733
2020-01-28,14.743
2020-01-29,14.6136
2020-01-30,14.6136
2020-01-31,14.4644
2020-02-03,14.3162
2020-02-04,14.7131
2020-02-05,14.931
2020-02-06,14.921
2020-02-07,14.8225
2020-02-10,14.9011
2020-02-11,15.1001
2020-02-12,15.2284
2020-02-13,14.9708
2020-02-14,14.9708
2020-02-18,14.9509
2020-02-19,15.0404
2020-02-20,15.0404
2020-02-21,14.931
2020-02-24,14.2864
2020-02-25,14.3063
2020-02-26,14.3262
2020-02-27,13.9691
2020-02-28,13.7602
2020-03-02,13.9989
2020-03-03,13.8099
2020-03-04,13.4727
2020-03-05,12.9475
2020-03-06,12.8082
2020-03-09,11.8751
2020-03-10,12.3815
2020-03-11,11.895
2020-03-12,10.3671
2020-03-13,11.2902
2020-03-16,10.199
2020-03-17,9.89164
2020-03-18,9.0679
2020-03-19,7.94673
2020-03-20,7.95668
2020-03-23,6.84556
2020-03-24,7.0836
2020-03-25,7.91699
2020-03-26,8.80986
2020-03-27,8.55193
2020-03-30,8.34363
2020-03-31,8.43286
2020-04-01,7.65906
2020-04-02,7.80787
2020-04-03,7.17293
2020-04-06,7.96663
2020-04-07,8.23451
2020-04-08,8.57182
2020-04-09,8.96862
2020-04-13,8.82976
2020-04-14,8.96862
2020-04-15,8.49245
2020-04-16,8.70074
2020-04-17,9.45495
2020-04-20,9.13733
2020-04-21,8.40312
2020-04-22,8.92893
2020-04-23,8.96862
2020-04-24,8.6512
2020-04-27,9.15713
2020-04-28,9.18687
2020-04-29,10.0597
2020-04-30,9.68274
2020-05-01,9.28614
2020-05-04,8.88924
2020-05-05,8.77018
2020-05-06,8.71069
2020-05-07,8.78012
2020-05-08,8.94883
2020-05-11,8.28405
2020-05-12,8.93888
2020-05-13,8.69089
2020-05-14,8.64126
2020-05-15,8.39327
2020-05-18,8.12539
2020-05-19,7.81782
2020-05-20,8.10549
2020-05-21,7.91699
2020-05-22,7.69875
2020-05-26,7.83761
2020-05-27,8.44281
2020-05-28,8.41307
2020-05-29,8.63131
2020-06-01,8.84955
2020-06-02,9.47484
2020-06-03,9.70264
2020-06-04,9.23651
2020-06-05,9.69269
2020-06-08,9.61311
2020-06-09,9.15713
2020-06-10,9.29599
2020-06-11,8.60157
2020-06-12,8.92893
2020-06-15,8.83971
2020-06-16,8.88924
2020-06-17,8.90914
2020-06-18,9.16707
2020-06-19,9.39527
2020-06-22,9.55442
2020-06-23,9.78222
2020-06-24,9.08769
2020-06-25,9.30594
2020-06-26,8.97857
2020-06-29,9.048
2020-06-30,9.21671
2020-07-01,9.52458
2020-07-02,9.55442
2020-07-06,9.71259
2020-07-07,9.83195
2020-07-08,9.81206
2020-07-09,9.66285
2020-07-10,9.64295
2020-07-13,9.35558
2020-07-14,9.24645
2020-07-15,9.31589
2020-07-16,9.18687
2020-07-17,9.32583
2020-07-20,9.94138
2020-07-21,10.5163
2020-07-22,10.3184
2020-07-23,10.2686
2020-07-24,10.199
2020-07-27,9.77227
2020-07-28,9.48479
2020-07-29,9.48479
2020-07-30,9.2762
2020-07-31,9.31589
2020-08-03,9.22656
2020-08-04,9.30594
2020-08-05,9.41506
2020-08-06,9.54448
2020-08-07,9.54448
2020-08-10,9.88169
2020-08-11,10.0597
2020-08-12,10.0299
2020-08-13,10.0001
2020-08-14,9.68274
2020-08-17,9.8419
2020-08-18,10.1393
2020-08-19,9.97022
2020-08-20,9.97022
2020-08-21,10.0896
2020-08-24,10.2985
2020-08-25,10.5959
2020-08-26,10.4467
2020-08-27,10.5959
2020-08-28,11.151
2020-08-31,10.6556
2020-09-01,10.7939
2020-09-02,10.764
2020-09-03,10.3273
2020-09-04,10.2388
2020-09-08,10.1393
2020-09-09,10.0995
2020-09-10,9.97022
2020-09-11,10.02
2020-09-14,9.88169
2020-09-15,10.0896
2020-09-16,10.1294
2020-09-17,10.02
2020-09-18,9.96028
2020-09-21,9.63301
2020-09-22,9.6529
2020-09-23,9.41506
2020-09-24,9.22656
2020-09-25,9.52458
2020-09-28,9.74243
2020-09-29,9.77227
2020-09-30,9.75238
2020-10-01,10.1692
2020-10-02,10.1592
2020-10-05,10.3671
2020-10-06,10.3084
2020-10-07,10.5462
2020-10-08,10.7242
2020-10-09,10.953
2020-10-12,10.963
2020-10-13,10.7839
2020-10-14,11.0425
2020-10-15,10.7839
2020-10-16,10.8734
2020-10-19,11.2007
2020-10-20,11.2902
2020-10-21,11.3698
2020-10-22,11.2604
2020-10-23,11.3798
2020-10-26,10.9928
2020-10-27,11.0724
2020-10-28,10.4765
2020-10-29,10.586
2020-10-30,10.4666
2020-11-02,11.4683
2020-11-03,11.8751
2020-11-04,11.905
2020-11-05,12.0045
2020-11-06,12.0343
2020-11-09,13.3334
2020-11-10,13.1454
2020-11-11,13.0957
2020-11-12,12.7684
2020-11-13,13.0758
2020-11-16,13.3434
2020-11-17,13.3245
2020-11-18,13.1653
2020-11-19,12.9276
2020-11-20,12.848
2020-11-23,12.7087
2020-11-24,13.0957
2020-11-25,12.8977
2020-11-27,12.8977
2020-11-30,12.7585
2020-12-01,13.2847
2020-12-02,13.1653
2020-12-03,13.0559
2020-12-04,13.7204
2020-12-07,13.8397
2020-12-08,13.7602
2020-12-09,13.8596
2020-12-10,13.7999
2020-12-11,13.9889
2020-12-14,14.177
2020-12-15,14.2167
2020-12-16,14.0586
2020-12-17,13.9691
2020-12-18,14.0088
2020-12-21,13.5722
2020-12-22,13.5523
2020-12-23,13.7602
2020-12-24,13.8795
2020-12-28,14.1471
2020-12-29,14.4455
2020-12-30,14.544
2020-12-31,14.743
2021-01-04,14.3262
2021-01-05,14.6833
2021-01-06,15.0404
2021-01-07,14.7728
2021-01-08,14.8613
2021-01-11,14.7529
2021-01-12,15.0901
2021-01-13,15.1598
2021-01-14,15.0205
2021-01-15,14.8514
2021-01-19,14.9608
2021-01-20,15.1995
2021-01-21,15.1995
2021-01-22,14.8514
2021-01-25,14.6833
2021-01-26,14.7529
2021-01-27,14.2068
2021-01-28,14.8225
2021-01-29,14.9807
2021-02-01,16.8657
2021-02-02,17.2029
2021-02-03,17.1035
2021-02-04,17.2129
2021-02-05,17.4218
2021-02-08,17.5103
2021-02-09,17.5799
2021-02-10,17.4705
2021-02-11,17.4118
2021-02-12,17.9569
2021-02-16,17.9768
2021-02-17,17.8187
2021-02-18,17.4417
2021-02-19,17.2527
2021-02-22,16.816
2021-02-23,17.1234
2021-02-24,17.5402
2021-02-25,17.0348
2021-02-26,16.4788
2021-03-01,16.7961
2021-03-02,16.7076
2021-03-03,17.0149
2021-03-04,16.8259
2021-03-05,16.8259
2021-03-08,16.6479
2021-03-09,17.2029
2021-03-10,17.1134
2021-03-11,17.3024
2021-03-12,16.6976
2021-03-15,16.5385
2021-03-16,16.5782
2021-03-17,16.2808
2021-03-18,15.7546
2021-03-19,16.0421
2021-03-22,15.7944
2021-03-23,15.8143
2021-03-24,15.5169
2021-03-25,15.8143
2021-03-26,16.1117
2021-03-29,15.8839
2021-03-30,16.062
2021-03-31,15.9038
2021-04-01,16.0819
2021-04-05,15.7049
2021-04-06,15.3577
2021-04-07,15.4671
2021-04-08,15.308
2021-04-09,15.2483
2021-04-12,14.2565
2021-04-13,14.5341
2021-04-14,14.6435
2021-04-15,15.2284
2021-04-16,15.1001
2021-04-19,14.8325
2021-04-20,14.4843
2021-04-21,14.5838
2021-04-22,14.9011
2021-04-23,14.9608
2021-04-26,15.8143
2021-04-27,16.0122
2021-04-28,16.6379
2021-04-29,16.6379
2021-04-30,16.1714
2021-05-03,16.2012
2021-05-04,15.8342
2021-05-05,16.1813
2021-05-06,16.5285
2021-05-07,16.5484
2021-05-10,16.5385
2021-05-11,16.439
2021-05-12,15.7944
2021-05-13,16.0321
2021-05-14,16.4091
2021-05-17,16.9155
2021-05-18,17.0448
2021-05-19,17.1035
2021-05-20,17.0846
2021-05-21,17.5004
2021-05-24,17.6396
2021-05-25,17.5302
2021-05-26,17.8286
2021-05-27,18.0266
2021-05-28,17.8674
2021-06-01,17.8087
2021-06-02,17.7988
2021-06-03,17.7093
2021-06-04,17.7888
2021-06-07,17.7789
2021-06-08,17.6695
2021-06-09,17.2925
2021-06-10,17.4705
2021-06-11,17.4118
2021-06-14,17.4118
2021-06-15,17.4616
2021-06-16,17.2427
2021-06-17,16.995
2021-06-18,16.7265
2021-06-21,17.0846
2021-06-22,16.9055
2021-06-23,16.806
2021-06-24,17.0935
2021-06-25,17.3323
2021-06-28,17.4019
2021-06-29,17.1035
2021-06-30,16.9652
2021-07-01,16.9751
2021-07-02,17.1433
2021-07-06,17.1731
2021-07-07,17.4616
2021-07-08,17.005
2021-07-09,17.2228
2021-07-12,17.5203
2021-07-13,17.6595
2021-07-14,17.7689
2021-07-15,17.8386
2021-07-16,17.4904
2021-07-19,17.0935
2021-07-20,17.2626
2021-07-21,17.382
2021-07-22,17.4616
2021-07-23,18.1459
2021-07-26,18.2146
2021-07-27,18.0266
2021-07-28,18.4921
2021-07-29,18.7209
2021-07-30,18.4921
2021-08-02,18.3131
2021-08-03,18.711
2021-08-04,19.2282
2021-08-05,19.1685
2021-08-06,18.9198
2021-08-09,19.0492
2021-08-10,18.9298
2021-08-11,18.7507
2021-08-12,19.3177
2021-08-13,19.2581
2021-08-16,18.9795
2021-08-17,18.7607
2021-08-18,18.5021
2021-08-19,18.4523
2021-08-20,18.4523
2021-08-23,18.522
2021-08-24,18.8005
2021-08-25,18.7507
2021-08-26,18.6413
2021-08-27,19.089
2021-08-30,19.1884
2021-08-31,19.5167
2021-09-01,19.6858
2021-09-02,19.646
2021-09-03,19.6858
2021-09-07,19.4968
2021-09-08,19.5067
2021-09-09,19.4272
2021-09-10,19.2581
2021-09-13,19.2083
2021-09-14,19.089
2021-09-15,19.3575
2021-09-16,19.845
2021-09-17,19.4272
2021-09-20,19.089
2021-09-21,19.1287
2021-09-22,19.1188
2021-09-23,19.467
2021-09-24,19.4371
2021-09-27,19.7455
2021-09-28,18.8801
2021-09-29,19.1088
2021-09-30,18.7706
2021-10-01,18.8403
2021-10-04,18.6413
2021-10-05,18.7408
2021-10-06,18.5916
2021-10-07,18.8005
2021-10-08,18.522
2021-10-11,18.6712
2021-10-12,18.7806
2021-10-13,18.8303
2021-10-14,19.268
2021-10-15,19.3476
2021-10-18,19.7952
2021-10-19,19.9842
2021-10-20,19.8648
2021-10-21,19.9842
2021-10-22,19.7952
2021-10-25,21.7548
2021-10-26,21.5857
2021-10-27,21.6056
2021-10-28,21.1779
2021-10-29,21.0386
2021-11-01,21.1679
2021-11-02,21.0685
2021-11-03,20.591
2021-11-04,20.4617
2021-11-05,20.5313
2021-11-08,20.9292
2021-11-09,20.9988
2021-11-10,20.6507
2021-11-11,20.4915
2021-11-12,20.5512
2021-11-15,20.4119
2021-11-16,20.2031
2021-11-17,20.2727
2021-11-18,20.3921
2021-11-19,20.3622
2021-11-22,19.1984
2021-11-23,19.3973
2021-11-24,19.6858
2021-11-26,18.7209
2021-11-29,18.89
2021-11-30,18.3628
2021-12-01,18.4225
2021-12-02,18.5916
2021-12-03,18.3827
2021-12-06,18.2036
2021-12-07,18.9994
2021-12-08,19.6162
2021-12-09,19.8947
2021-12-10,19.7952
2021-12-13,19.5465
2021-12-14,19.5565
2021-12-15,19.3078
2021-12-16,19.089
2021-12-17,18.711
2021-12-20,18.3429
2021-12-21,18.8204
2021-12-22,19.268
2021-12-23,19.2282
2021-12-27,19.3874
2021-12-28,19.4371
2021-12-29,19.3277
2021-12-30,19.5465
2021-12-31,19.6858
2022-01-03,20.2428
2022-01-04,20.4219
2022-01-05,20.7701
2022-01-06,21.0386
2022-01-07,21.5857
2022-01-10,21.725
2022-01-11,21.9538
2022-01-12,22.103
2022-01-13,21.9836
2022-01-14,21.9936
2022-01-18,21.7747
2022-01-19,21.3172
2022-01-20,21.3967
2022-01-21,20.9193
2022-01-24,20.9789
2022-01-25,20.8297
2022-01-26,20.7601
2022-01-27,20.7701
2022-01-28,20.9093
2022-01-31,21.6156
2022-02-01,21.7747
2022-02-02,21.7747
2022-02-03,21.3569
2022-02-04,21.4365
2022-02-07,21.0685
2022-02-08,21.2873
2022-02-09,21.3669
2022-02-10,20.8894
2022-02-11,20.5612
2022-02-14,19.5167
2022-02-15,20.3523
2022-02-16,20.0638
2022-02-17,19.6162
2022-02-18,19.8052
2022-02-22,19.8947
2022-02-23,19.5266
2022-02-24,19.1387
2022-02-25,19.6162
2022-02-28,19.3675
2022-03-01,18.4026
2022-03-02,18.7507
2022-03-03,18.134
2022-03-04,17.3681
2022-03-07,16.3037
2022-03-08,16.7115
2022-03-09,17.8057
2022-03-10,17.567
2022-03-11,17.5173
2022-03-14,18.0047
2022-03-15,18.2534
2022-03-16,18.701
2022-03-17,18.7507
2022-03-18,18.8801
2022-03-21,18.5717
2022-03-22,18.8701
2022-03-23,18.0146
2022-03-24,18.1638
2022-03-25,18.0942
2022-03-28,18.4623
2022-03-29,18.8005
2022-03-30,18.9099
2022-03-31,18.8403
2022-04-01,19.1188
2022-04-04,19.6162
2022-04-05,19.3078
2022-04-06,19.3774
2022-04-07,19.3874
2022-04-08,19.7753
2022-04-11,19.6957
2022-04-12,19.5963
2022-04-13,19.6162
2022-04-14,19.5863
2022-04-18,19.4471
2022-04-19,19.845
2022-04-20,19.6062
2022-04-21,19.5366
2022-04-22,18.7706
2022-04-25,19.3277
2022-04-26,18.9994
2022-04-27,19.0193
2022-04-28,19.4172
2022-04-29,18.9397
2022-05-02,19.089
2022-05-03,19.268
2022-05-04,19.278
2022-05-05,18.7507
2022-05-06,18.4125
2022-05-09,17.8853
2022-05-10,18.2633
2022-05-11,18.0843
2022-05-12,17.7859
2022-05-13,17.577
2022-05-16,17.6167
2022-05-17,18.3727
2022-05-18,17.7759
2022-05-19,17.7162
2022-05-20,18.0047
2022-05-23,18.3528
2022-05-24,18.2335
2022-05-25,18.512
2022-05-26,18.89
2022-05-27,19.2581
2022-05-31,19.1486
2022-06-01,19.2481
2022-06-02,19.4471
2022-06-03,18.9696
2022-06-06,18.8701
2022-06-07,18.8801
2022-06-08,18.6115
2022-06-09,18.3528
2022-06-10,17.8057
2022-06-13,17.1293
2022-06-14,17.3482
2022-06-15,17.6665
2022-06-16,17.0199
2022-06-17,17.3183
2022-06-21,17.9152
2022-06-22,17.5372
2022-06-23,17.8057
2022-06-24,18.2733
2022-06-27,18.0146
2022-06-28,17.6466
2022-06-29,17.6565
2022-06-30,17.6466
2022-07-01,17.8455
2022-07-05,18.1638
2022-07-06,18.3827
2022-07-07,18.9497
2022-07-08,19.1486
2022-07-11,19.089
2022-07-12,18.8403
2022-07-13,18.6413
2022-07-14,18.7905
2022-07-15,18.9
2022-07-18,19.0193
2022-07-19,19.5664
2022-07-20,19.457
2022-07-21,19.7057
2022-07-22,19.9743
2022-07-25,19.9743
2022-07-26,19.7654
2022-07-27,20.0936
2022-07-28,20.5313
2022-07-29,20.6706
2022-08-01,20.6208
2022-08-02,20.5711
2022-08-03,20.8994
2022-08-04,20.6805
2022-08-05,21.0983
2022-08-08,21.158
2022-08-09,21.31
2022-08-10,22.04
2022-08-11,21.89
2022-08-12,22.35
2022-08-15,22.5
2022-08-16,22.35
2022-08-17,22.32
2022-08-18,22.31
2022-08-19,21.84
2022-08-22,21.36
2022-08-23,21.69
2022-08-24,21.93
2022-08-25,21.92
2022-08-26,21.43
2022-08-29,21.47
2022-08-30,21.94
2022-08-31,21.84
2022-09-01,21.95
2022-09-02,21.84
2022-09-06,22.14
2022-09-07,22.38
2022-09-08,23.0
2022-09-09,23.0
2022-09-12,23.16
2022-09-13,22.8
2022-09-14,23.38
2022-09-15,23.17
2022-09-16,22.73
2022-09-19,22.9
2022-09-20,22.98
2022-09-21,22.56
2022-09-22,22.27
2022-09-23,21.49
2022-09-26,21.06
2022-09-27,20.81
2022-09-28,21.07
2022-09-29,20.71
2022-09-30,20.97
2022-10-03,21.06
2022-10-04,21.69
2022-10-05,21.65
2022-10-06,21.41
2022-10-07,21.07
2022-10-10,21.24
2022-10-11,21.0
2022-10-12,20.87
2022-10-13,21.28
2022-10-14,20.99
2022-10-17,21.81
2022-10-18,21.89
2022-10-19,21.57
2022-10-20,21.32
2022-10-21,22.01
2022-10-24,22.83
2022-10-25,22.79
2022-10-26,22.87
2022-10-27,22.5
2022-10-28,22.34
2022-10-31,22.04
2022-11-01,22.04
2022-11-02,21.88
2022-11-03,22.1
2022-11-04,22.44
2022-11-07,22.61
2022-11-08,22.93
2022-11-09,22.62
2022-11-10,23.31
2022-11-11,22.72
2022-11-14,22.45
2022-11-15,23.05
2022-11-16,22.76
2022-11-17,22.75
2022-11-18,22.73
2022-11-21,22.76
2022-11-22,22.86
2022-11-23,22.97
2022-11-25,23.0
2022-11-28,23.17
2022-11-29,23.48
2022-11-30,23.72
2022-12-01,23.2
2022-12-02,23.2
2022-12-05,22.86
2022-12-06,22.57
2022-12-07,22.69
2022-12-08,22.85
2022-12-09,22.72
2022-12-12,22.81
2022-12-13,22.67
2022-12-14,22.26
2022-12-15,21.81
2022-12-16,21.89
2022-12-19,21.97
2022-12-20,22.19
2022-12-21,21.97
2022-12-22,21.7
2022-12-23,21.56
2022-12-27,21.89
2022-12-28,21.84
2022-12-29,22.1
2022-12-30,21.89
2023-01-03,21.94
2023-01-04,21.95
2023-01-05,21.2
2023-01-06,21.27
2023-01-09,21.36
2023-01-10,21.25
2023-01-11,21.45
2023-01-12,21.39
2023-01-13,21.67
2023-01-17,21.1
2023-01-18,21.23
2023-01-19,21.39
2023-01-20,21.52
2023-01-23,21.77
2023-01-24,21.63
2023-01-25,20.68
2023-01-26,20.86
2023-01-27,20.11
2023-01-30,20.24
2023-01-31,20.83
2023-02-01,20.13
2023-02-02,20.93
2023-02-03,20.81
2023-02-06,20.64
2023-02-07,20.72
2023-02-08,20.84
2023-02-09,20.7
2023-02-10,20.58
2023-02-13,20.67
2023-02-14,20.89
2023-02-15,20.98
2023-02-16,20.87
2023-02-17,20.81
2023-02-21,20.56
2023-02-22,20.27
2023-02-23,20.39
2023-02-24,20.3
2023-02-27,20.53
2023-02-28,20.68
2023-03-01,20.66
2023-03-02,20.8
2023-03-03,21.23
2023-03-06,21.26
2023-03-07,21.13
2023-03-08,21.19
2023-03-09,20.54
2023-03-10,20.34
2023-03-13,20.01
2023-03-14,20.42
2023-03-15,19.8
2023-03-16,20.15
2023-03-17,20.1
2023-03-20,20.4
2023-03-21,20.77
2023-03-22,20.63
2023-03-23,20.76
2023-03-24,20.74
2023-03-27,20.8
2023-03-28,21.01
2023-03-29,21.05
2023-03-30,21.02
2023-03-31,21.58
2023-04-03,21.63
2023-04-04,21.59
2023-04-05,21.66
2023-04-06,21.7
2023-04-10,21.37
2023-04-11,21.66
2023-04-12,21.76
2023-04-13,22.21
2023-04-14,22.24
2023-04-17,22.15
2023-04-18,21.95
2023-04-19,21.83
2023-04-20,21.88
2023-04-21,21.99
2023-04-24,22.34
2023-04-25,22.27
2023-04-26,22.28
2023-04-27,22.56
2023-04-28,22.75
2023-05-01,22.72
2023-05-02,22.47
2023-05-03,22.54
2023-05-04,22.45
2023-05-05,22.95
2023-05-08,23.07
2023-05-09,22.89
2023-05-10,23.01
2023-05-11,22.95
2023-05-12,22.98
2023-05-15,23.08
2023-05-16,23.03
2023-05-17,22.97
2023-05-18,23.07
2023-05-19,22.99
2023-05-22,22.92
2023-05-23,22.82
2023-05-24,22.69
2023-05-25,22.65
2023-05-26,22.96
2023-05-30,22.88
2023-05-31,22.92
2023-06-01,22.99
2023-06-02,23.09
2023-06-05,23.01
2023-06-06,22.98
2023-06-07,22.88
2023-06-08,22.93
2023-06-09,22.98
2023-06-12,22.73
2023-06-13,23.1
2023-06-14,22.95
2023-06-15,22.87
2023-06-16,22.87
2023-06-20,22.62
2023-06-21,22.6
2023-06-22,22.91
2023-06-23,22.82
2023-06-26,22.7
2023-06-27,22.98
2023-06-28,23.01
2023-06-29,23.11
2023-06-30,23.08
2023-07-03,23.39
2023-07-05,23.41
2023-07-06,23.2
2023-07-07,23.09
2023-07-10,22.96
2023-07-11,23.05
2023-07-12,23.17
2023-07-13,23.4
2023-07-14,23.33
2023-07-17,23.83
2023-07-18,23.86
2023-07-19,24.04
2023-07-20,24.48
2023-07-21,24.47
2023-07-24,24.48
2023-07-25,24.44
2023-07-26,24.66
2023-07-27,24.17
2023-07-28,24.39
2023-07-31,24.57
2023-08-01,24.5
2023-08-02,24.02
2023-08-03,23.55
2023-08-04,23.55
2023-08-07,23.77
2023-08-08,23.66
2023-08-09,23.64
2023-08-10,23.4
2023-08-11,23.15
2023-08-14,22.95
2023-08-15,22.82
2023-08-16,22.93
2023-08-17,22.87
2023-08-18,22.9
2023-08-21,23.11
2023-08-22,22.9
2023-08-23,23.58
2023-08-24,23.35
2023-08-25,23.43
2023-08-28,23.68
2023-08-29,23.63
2023-08-30,23.35
2023-08-31,23.17
2023-09-01,23.46
2023-09-05,23.51
2023-09-06,23.04
2023-09-07,23.24
2023-09-08,23.41
2023-09-11,23.87
2023-09-12,24.03
2023-09-13,23.94
2023-09-14,23.97
2023-09-15,23.89
2023-09-18,23.89
2023-09-19,23.83
2023-09-20,23.53
2023-09-21,22.76
2023-09-22,22.83
2023-09-25,22.98
2023-09-26,22.74
2023-09-27,22.81
2023-09-28,22.91
2023-09-29,23.12
2023-10-02,23.0
2023-10-03,22.55
2023-10-04,22.67
2023-10-05,22.85
2023-10-06,23.06
2023-10-09,22.76
2023-10-10,22.92
2023-10-11,22.78
2023-10-12,22.63
2023-10-13,22.74
2023-10-16,22.87
2023-10-17,22.74
2023-10-18,22.37
2023-10-19,22.37
2023-10-20,22.26
2023-10-23,22.53
2023-10-24,22.42
2023-10-25,22.04
2023-10-26,22.11
2023-10-27,22.09
2023-10-30,22.54
2023-10-31,22.19
2023-11-01,22.27
2023-11-02,22.64
2023-11-03,22.84
2023-11-06,22.84
2023-11-07,22.73
2023-11-08,22.53
2023-11-09,22.51
2023-11-10,22.68
2023-11-13,22.39
2023-11-14,22.67
2023-11-15,22.51
2023-11-16,22.26
2023-11-17,22.19
2023-11-20,22.25
2023-11-21,22.26
2023-11-22,22.12
2023-11-24,22.34
2023-11-27,22.23
2023-11-28,22.18
2023-11-29,22.38
2023-11-30,22.17
2023-12-01,22.97
2023-12-04,24.31
2023-12-05,24.37
2023-12-06,24.0
2023-12-07,23.87
2023-12-08,24.12
2023-12-11,24.39
2023-12-12,24.46
2023-12-13,24.69
2023-12-14,24.68
2023-12-15,24.55
2023-12-18,24.54
2023-12-19,24.49
2023-12-20,23.96
2023-12-21,24.04
2023-12-22,23.82
2023-12-26,23.88
2023-12-27,24.02
2023-12-28,24.22
2023-12-29,23.84
2024-01-02,23.45
2024-01-03,23.75
2024-01-04,23.8
2024-01-05,24.09
2024-01-08,23.87
2024-01-09,23.52
2024-01-10,23.96
2024-01-11,23.96
2024-01-12,24.07
2024-01-16,23.65
2024-01-17,23.16
2024-01-18,23.44
2024-01-19,23.88
2024-01-22,24.47
2024-01-23,24.34
2024-01-24,23.75
2024-01-25,24.12
2024-01-26,24.13
2024-01-29,24.22
2024-01-30,24.37
2024-01-31,24.4
2024-02-01,25.09
2024-02-02,24.6
2024-02-05,24.54
2024-02-06,24.66
2024-02-07,24.57
2024-02-08,23.58
2024-02-09,24.19
2024-02-12,23.88
2024-02-13,24.25
2024-02-14,24.63
2024-02-15,24.73
2024-02-16,24.74
2024-02-20,25.47
2024-02-21,25.49
2024-02-22,25.96
2024-02-23,25.63
2024-02-26,25.53
2024-02-27,25.58
2024-02-28,25.33
2024-02-29,25.61
2024-03-01,26.48
2024-03-04,26.4
2024-03-05,26.27
2024-03-06,26.37
2024-03-07,26.26
2024-03-08,26.18
2024-03-11,26.08
2024-03-12,26.13
2024-03-13,26.06
2024-03-14,25.84
2024-03-15,25.82
2024-03-18,25.95
2024-03-19,25.9
2024-03-20,26.18
2024-03-21,25.98
2024-03-22,26.0
2024-03-25,25.87
2024-03-26,25.9
2024-03-27,25.97
2024-03-28,26.41
2024-04-01,25.96
2024-04-02,25.75
2024-04-03,25.68
2024-04-04,25.63
2024-04-05,25.75
2024-04-08,26.08
2024-04-09,26.62
2024-04-10,26.43
2024-04-11,26.44
2024-04-12,26.14
2024-04-15,25.57
2024-04-16,25.49
2024-04-17,25.63
2024-04-18,25.43
2024-04-19,25.68
2024-04-22,26.11
2024-04-23,26.29
2024-04-24,26.19
2024-04-25,26.6
2024-04-26,26.53
2024-04-29,27.47
2024-04-30,27.53
2024-05-01,27.55
2024-05-02,27.57
2024-05-03,27.34
2024-05-06,27.51
2024-05-07,27.12
2024-05-08,26.94
2024-05-09,26.75
2024-05-10,26.79
2024-05-13,26.9
2024-05-14,26.9
2024-05-15,27.19
2024-05-16,27.1
2024-05-17,27.21
2024-05-20,27.08
2024-05-21,27.0
2024-05-22,26.77
2024-05-23,27.09
2024-05-24,27.32
2024-05-28,26.8
2024-05-29,26.37
2024-05-30,26.64
2024-05-31,26.74
2024-06-03,28.32
2024-06-04,25.77
2024-06-05,26.67
2024-06-06,26.47
2024-06-07,26.68
2024-06-10,26.68
2024-06-11,26.4
2024-06-12,26.45
2024-06-13,26.04
2024-06-14,26.26
2024-06-17,26.35
2024-06-18,26.99
2024-06-20,27.78
2024-06-21,27.7
2024-06-24,28.14
2024-06-25,28.79
2024-06-26,28.9
2024-06-27,29.01
2024-06-28,28.81
2024-07-01,28.81
2024-07-02,28.68
2024-07-03,28.85
2024-07-05,29.23
2024-07-08,29.14
2024-07-09,29.38
2024-07-10,29.45
2024-07-11,29.31
2024-07-12,29.18
2024-07-15,29.17
2024-07-16,29.62
2024-07-17,29.3
2024-07-18,29.46
2024-07-19,29.35
2024-07-22,29.36
2024-07-23,29.11
2024-07-24,28.62
2024-07-25,28.3
2024-07-26,28.76
2024-07-29,28.78
2024-07-30,28.88
2024-07-31,29.11
2024-08-01,28.79
2024-08-02,28.11
2024-08-05,27.82
2024-08-06,27.84
2024-08-07,27.78
2024-08-08,28.14
2024-08-09,28.12
2024-08-12,27.76
2024-08-13,27.62
2024-08-14,27.58
2024-08-15,27.84
2024-08-16,28.19
2024-08-19,28.02
2024-08-20,27.91
2024-08-21,28.1
2024-08-22,28.34
2024-08-23,28.6
2024-08-26,28.67
2024-08-27,29.0
2024-08-28,28.89
2024-08-29,29.12
2024-08-30,29.31
2024-09-03,29.49
2024-09-04,29.6
2024-09-05,29.11
2024-09-06,28.56
2024-09-09,29.13
2024-09-10,28.96
2024-09-11,29.19
2024-09-12,29.62
2024-09-13,29.62
2024-09-16,29.95
2024-09-17,29.94
2024-09-18,30.44
2024-09-19,30.78
2024-09-20,31.38
2024-09-23,31.36
2024-09-24,31.25
2024-09-25,31.28
2024-09-26,31.28
2024-09-27,30.6
2024-09-30,29.85
2024-10-01,29.87
2024-10-02,29.62
2024-10-03,29.3
2024-10-04,29.41
2024-10-07,28.81
2024-10-08,29.3
2024-10-09,29.35
2024-10-10,29.2
2024-10-11,28.7
2024-10-14,29.14
2024-10-15,29.29
2024-10-16,29.55
2024-10-17,28.88
2024-10-18,29.6
2024-10-21,29.52
2024-10-22,29.86
2024-10-23,29.57
2024-10-24,29.57
2024-10-25,29.48
2024-10-28,31.15
2024-10-29,31.25
2024-10-30,31.29
2024-10-31,30.41
2024-11-01,30.38
2024-11-04,30.19
2024-11-05,30.99
2024-11-06,30.9
2024-11-07,30.0
2024-11-08,29.82
2024-11-11,30.0
2024-11-12,29.95
2024-11-13,29.73
2024-11-14,29.63
2024-11-15,29.46
2024-11-18,29.75
2024-11-19,29.76
2024-11-20,29.73
2024-11-21,29.82
2024-11-22,30.76
2024-11-25,31.19
2024-11-26,31.01
2024-11-27,30.87
2024-11-29,30.55
2024-12-02,30.54
2024-12-03,30.92
2024-12-04,30.88
2024-12-05,31.9
2024-12-06,31.25
2024-12-09,31.04
2024-12-10,31.06
2024-12-11,31.19
2024-12-12,30.92
2024-12-13,31.21
2024-12-16,31.46
2024-12-17,30.99
2024-12-18,30.11
2024-12-19,30.07
2024-12-20,30.3
2024-12-23,30.49
2024-12-24,30.52
2024-12-26,30.51
2024-12-27,30.46
2024-12-30,30.13
2024-12-31,29.86
2025-01-02,29.81
2025-01-03,29.4
2025-01-06,29.56
2025-01-07,29.66
2025-01-08,29.23
2025-01-10,28.52
2025-01-13,28.31
2025-01-14,28.44
2025-01-15,28.68
2025-01-16,28.8
2025-01-17,28.17
2025-01-21,27.62
2025-01-22,27.55
2025-01-23,27.62
2025-01-24,27.96
2025-01-27,28.34
2025-01-28,28.86
2025-01-29,28.65
2025-01-30,28.84
2025-01-31,28.67
2025-02-03,28.81
2025-02-04,29.18
2025-02-05,29.18
2025-02-06,29.06
2025-02-07,28.43
2025-02-10,28.53
2025-02-11,29.02
2025-02-12,28.85
2025-02-13,29.15
2025-02-14,29.16
2025-02-18,28.27
2025-02-19,28.89
2025-02-20,28.6
2025-02-21,28.16
2025-02-24,28.23
2025-02-25,28.19
2025-02-26,28.07
2025-02-27,27.9
2025-02-28,27.88
2025-03-03,27.89
2025-03-04,27.6
2025-03-05,28.11
2025-03-06,27.92
2025-03-07,27.85
2025-03-10,28.09
2025-03-11,28.52
2025-03-12,28.79
2025-03-13,28.95
2025-03-14,29.29
2025-03-17,29.84
2025-03-18,30.57
2025-03-19,30.62
2025-03-20,30.64
2025-03-21,31.28
2025-03-24,31.67
2025-03-25,31.51
2025-03-26,31.4
2025-03-27,31.31
2025-03-28,31.38
2025-03-31,31.52
2025-04-01,31.13
2025-04-02,31.44
2025-04-03,31.26
2025-04-04,30.29
2025-04-07,30.29
2025-04-08,30.16
2025-04-09,31.25
2025-04-10,30.8
2025-04-11,31.34
2025-04-14,31.28
2025-04-15,31.86
2025-04-16,31.97
2025-04-17,33.22
2025-04-21,33.53
2025-04-22,34.08
2025-04-23,33.27
2025-04-24,33.21
2025-04-25,33.19
2025-04-28,33.52
2025-04-29,33.78
2025-04-30,33.56
2025-05-01,33.52
2025-05-02,34.18
2025-05-05,34.14
2025-05-06,33.84
2025-05-07,33.8
2025-05-08,32.33
2025-05-09,32.31
2025-05-12,33.58
2025-05-13,33.52
2025-05-14,33.36
2025-05-15,34.01
2025-05-16,33.99
2025-05-19,34.3
2025-05-20,34.0
2025-05-21,33.81
2025-05-22,33.78
2025-05-23,34.39
2025-05-27,34.31
2025-05-28,34.35
2025-05-29,34.29
2025-05-30,34.24
2025-06-02,34.22
2025-06-03,33.65
2025-06-04,33.4
2025-06-05,33.81
2025-06-06,34.18
2025-06-09,33.61
2025-06-10,33.42
2025-06-11,33.44
2025-06-12,33.5
2025-06-13,33.08
2025-06-16,33.26
2025-06-17,32.88
2025-06-18,32.7
2025-06-20,32.62
2025-06-23,32.73
2025-06-24,32.9
2025-06-25,32.89
2025-06-26,33.39
2025-06-27,33.87
2025-06-30,33.64
2025-07-01,33.62
2025-07-02,33.58
2025-07-03,33.76
2025-07-07,33.48
2025-07-08,33.6
2025-07-09,33.75
2025-07-10,33.42
2025-07-11,33.28
2025-07-14,33.2
2025-07-15,33.2
2025-07-16,33.27
2025-07-17,33.23
2025-07-18,33.21
2025-07-21,34.22
2025-07-22,34.09
2025-07-23,34.41
2025-07-24,34.25
2025-07-25,34.1
2025-07-28,33.84
2025-07-29,33.78
2025-07-30,33.3
2025-07-31,33.7
2025-08-01,33.64
2025-08-04,33.19
2025-08-05,32.83
2025-08-06,32.97
2025-08-07,32.84
2025-08-08,32.87
2025-08-11,32.7
2025-08-12,32.56
2025-08-13,32.66
2025-08-14,32.62
2025-08-15,32.88
2025-08-18,33.09
2025-08-19,32.88
2025-08-20,33.19
2025-08-21,33.33
2025-08-22,32.72
2025-08-25,32.33
2025-08-26,31.86
2025-08-27,31.96
2025-08-28,31.74
2025-08-29,31.74
2025-09-02,31.55
2025-09-03,31.7
2025-09-04,31.88
2025-09-05,31.67
2025-09-08,31.86
2025-09-09,31.8
2025-09-10,31.65
2025-09-11,31.98
2025-09-12,32.07
2025-09-15,32.01
2025-09-16,32.24
2025-09-17,32.6
2025-09-18,32.06
2025-09-19,31.97
2025-09-22,31.75
2025-09-23,31.35
2025-09-24,30.97
2025-09-25,30.69
2025-09-26,30.62
2025-09-29,30.31
2025-09-30,30.23
2025-10-01,30.54
2025-10-02,30.63
2025-10-03,30.76
2025-10-06,30.74
2025-10-07,31.02
2025-10-08,30.74
2025-10-09,30.86
2025-10-10,31.09
2025-10-13,31.15
2025-10-14,31.34
2025-10-15,31.92
2025-10-16,31.88
2025-10-17,32.94
2025-10-20,31.0
2025-10-21,31.24
2025-10-22,31.78
2025-10-23,31.14
2025-10-24,31.25
